Id,Label,RiskScore,InDegree,OutDegree,Betweenness,DependentsCount,Downloads,StalenessDays,ClusteringCoeff,MaintainerRisk,Type
1,@babel/traverse,0.6352302585172132,5,7,0.0009874263437654285,4583249,330432404,43,0.06818181818181818,0.25,seed
2,setprototypeof,0.5828835310745147,1,0,0.0,5068682,291712487,1257,0.0,1.0,seed
3,p-locate,0.5819488216556102,1,1,3.590641250056104e-05,1089447,755536014,896,0.0,1.0,seed
4,fast-deep-equal,0.5802521206353813,2,0,0.0,4968905,350162413,897,0.0,1.0,seed
5,safer-buffer,0.5787888649273365,1,0,0.0,2151694,305880793,1299,0.0,1.0,dependency
6,domhandler,0.5772460143913125,1,0,0.0,2836242,237217525,1268,0.0,1.0,dependency
7,path-parse,0.5769172953629503,1,0,0.0,1929330,295947707,1261,0.0,1.0,dependency
8,require-directory,0.5764314493055864,0,0,0.0,4338986,278669538,1258,0.0,1.0,seed
9,retry,0.5758085666260516,1,0,0.0,2613336,221969842,1258,0.0,1.0,dependency
10,buffer,0.5753499727176888,3,2,0.0,1513316,396983609,866,0.05,1.0,dependency
11,escape-string-regexp,0.5747257834317756,0,0,0.0,2044639,789913156,954,0.0,1.0,seed
12,once,0.5742878695008712,2,0,0.0,2121111,333854727,897,0.0,1.0,dependency
13,unpipe,0.5742091931386779,0,0,0.0,5053604,205708545,1256,0.0,1.0,seed
14,supports-preserve-symlinks-flag,0.5740786448179692,1,0,0.0,1245746,274255022,1296,0.0,1.0,dependency
15,inherits,0.5733332468673614,1,0,0.0,2323492,449338077,909,0.0,1.0,dependency
16,depd,0.5732610296737704,3,0,0.0,2556983,326595428,1269,0.16666666666666666,1.0,dependency
17,has-flag,0.5730425851036177,0,0,0.0,1287734,874161985,962,0.0,1.0,seed
18,require-from-string,0.5726236907364232,1,0,0.0,1639741,217933665,1258,0.0,1.0,dependency
19,utils-merge,0.5719549647987651,0,0,0.0,4948638,167785069,1256,0.0,1.0,seed
20,proxy-from-env,0.5719293721068286,2,0,0.0,559702,244311243,1259,0.0,1.0,dependency
21,json-schema-traverse,0.5716789338552003,1,0,0.0,1067963,641885640,897,0.0,1.0,seed
22,isarray,0.570427314949573,0,0,0.0,2097979,646283148,876,0.0,1.0,seed
23,get-caller-file,0.5700956267926888,1,0,0.0,4350442,297361612,817,0.0,1.0,seed
24,is-stream,0.569318730143889,2,0,0.0,2263687,463584979,654,0.0,1.0,dependency
25,uri-js,0.5683001193517072,0,1,0.0,4745435,266742441,896,0.0,1.0,seed
26,fast-json-stable-stringify,0.568036058856569,0,0,0.0,4957551,283366060,897,0.0,1.0,seed
27,fs.realpath,0.5679624264439925,0,0,0.0,5532257,262937430,897,0.0,1.0,seed
28,mkdirp,0.5670597858323323,1,0,0.0,1948611,444233599,759,0.0,1.0,dependency
29,argparse,0.5666320622806718,1,0,0.0,1075818,579861328,776,0.0,1.0,seed
30,to-fast-properties,0.5662463351521673,0,0,0.0,4631839,100739468,1257,0.0,1.0,seed
31,balanced-match,0.563896474352847,1,0,0.0,1303263,377443120,790,0.0,1.0,dependency
32,p-cancelable,0.5616195259310881,1,0,0.0,1122037,100477147,1235,0.0,1.0,dependency
33,xtend,0.5604445018190358,1,0,0.0,1446059,191405982,878,0.0,1.0,dependency
34,event-target-shim,0.5602219579416292,1,0,0.0,637867,116505594,1266,0.0,1.0,dependency
35,regenerator-runtime,0.559409884811766,0,0,0.0,4404245,239655676,720,0.0,1.0,seed
36,yallist,0.5572684624307633,0,0,0.0,1187300,701615198,604,0.0,1.0,seed
37,lowercase-keys,0.5560252801884575,1,0,0.0,1311902,121107263,909,0.0,1.0,dependency
38,har-validator,0.5534817747890152,1,0,0.0,684116,58484849,1265,0.0,1.0,dependency
39,busboy,0.5530676787229616,1,0,0.0,428463,75035006,1265,0.0,1.0,dependency
40,escalade,0.5517432101635585,1,0,0.0,2368706,341123642,462,0.0,1.0,dependency
41,abort-controller,0.5512794693453205,1,1,0.0,593406,123173568,876,0.0,1.0,dependency
42,jsesc,0.5506255934206592,1,0,0.0,4543338,402360179,359,0.0,1.0,seed
43,picocolors,0.5496686109809394,1,0,0.0,2113229,402137996,414,0.0,1.0,dependency
44,figures,0.5496277724232943,1,0,0.0,931471,207031001,640,0.0,1.0,dependency
45,import-local,0.5486809167786509,1,0,0.0,3448463,162218607,501,0.0,1.0,dependency
46,js-tokens,0.546242760329582,1,0,0.0,1940799,391672243,377,0.0,1.0,dependency
47,@colors/colors,0.5462222107602427,1,0,0.0,255801,141705353,879,0.0,1.0,dependency
48,cli-cursor,0.544519347080948,1,0,0.0,756236,283558090,497,0.0,1.0,dependency
49,is-core-module,0.5441370520817373,1,1,0.0,2348517,313697356,348,0.0,1.0,dependency
50,is-installed-globally,0.5431117034048745,1,0,0.0,1091810,63533269,759,0.0,1.0,dependency
51,append-field,0.542741086152525,1,0,0.0,281881,35552216,1271,0.0,1.0,dependency
52,executable,0.5411687731673056,1,0,0.0,291583,30249813,1266,0.0,1.0,dependency
53,data-uri-to-buffer,0.5407199864123681,1,0,0.0,371709,142213721,661,0.0,1.0,dependency
54,domutils,0.5406703078671281,1,0,0.0,3228971,235137277,332,0.0,1.0,dependency
55,on-finished,0.5393362436872902,5,1,1.795320625028052e-05,1780334,260003037,205,0.1,1.0,dependency
56,to-regex-range,0.5392218834317931,1,1,1.795320625028052e-05,5300496,358211999,1257,0.0,0.5,seed
57,htmlparser2,0.5387635170918658,1,0,0.0,2705632,195508009,346,0.0,1.0,dependency
58,jmespath,0.5385294507763795,1,0,0.0,136508,37584138,1265,0.0,1.0,dependency
59,request-progress,0.5382032833584386,1,0,0.0,238036,26223839,1258,0.0,1.0,dependency
60,vary,0.5374917001709492,3,0,0.0,4406042,198172139,205,0.0,1.0,seed
61,formdata-polyfill,0.5372477363962943,1,0,0.0,54660,58352801,1266,0.0,1.0,dependency
62,isexe,0.5331975415458111,1,0,0.0,5752,454550953,855,0.0,1.0,dependency
63,xmlbuilder,0.5330969300904487,3,0,0.0,1052988,159247796,876,0.3333333333333333,1.0,dependency
64,safe-buffer,0.5326067429394011,3,0,0.0,1261649,732936435,878,0.0,0.5,seed
65,debug,0.531507689212445,10,1,0.0001077192375016831,1419208,1842160492,82,0.03636363636363636,0.5,seed
66,@cypress/xvfb,0.5313854943924983,1,0,0.0,92179,23796360,1271,0.0,1.0,dependency
67,is-typedarray,0.5308768987609485,1,0,0.0,5513,130690405,1265,0.0,1.0,dependency
68,is-extglob,0.5308699360706287,1,0,0.0,5930,313635672,897,0.0,1.0,dependency
69,get-port,0.5308387583824825,1,0,0.0,439877,57583144,625,0.0,1.0,dependency
70,ospath,0.5298485711500613,1,0,0.0,70827,24671917,1261,0.0,1.0,dependency
71,aws-sign2,0.529134176954051,1,0,0.0,9743,76779515,1271,0.0,1.0,dependency
72,blob-util,0.5282002526621312,1,0,0.0,62400,22292537,1271,0.0,1.0,dependency
73,cachedir,0.527355855935122,1,0,0.0,152551,33183196,865,0.0,1.0,dependency
74,performance-now,0.5272095584493351,1,0,0.0,4469,105686498,1260,0.0,1.0,dependency
75,proxy-addr,0.5262493038350592,1,0,0.0,4050584,185236612,205,0.0,1.0,dependency
76,isstream,0.5262388674327539,1,0,0.0,5275,85982492,1265,0.0,1.0,dependency
77,supports-color,0.5261707236693994,1,0,0.0,5765200,1446848484,87,0.0,1.0,seed
78,toposort-class,0.5239797077069916,1,0,0.0,160427,8559698,1256,0.0,1.0,dependency
79,ee-first,0.5237906916788524,1,0,0.0,2438994,204174890,1268,0.0,0.5,dependency
80,accepts,0.5230988500255369,1,0,0.0,1717765,232420199,205,0.0,1.0,dependency
81,xml2js,0.5226260089973593,2,2,0.0,1065103,114020194,553,0.25,1.0,dependency
82,wkx,0.5215957042291909,1,0,0.0,160157,9419523,1113,0.0,1.0,dependency
83,minipass,0.521572789099297,2,0,0.0,3331406,687134177,560,0.5,1.0,seed
84,destroy,0.5213285482639918,0,0,0.0,4522290,177599571,1269,0.0,0.5,seed
85,ansi-styles,0.5190209387165492,1,0,0.0,1274606,1847943178,87,0.0,1.0,seed
86,safe-stable-stringify,0.5179070968524075,1,0,0.0,75803,107339564,467,0.0,1.0,dependency
87,signal-exit,0.5179069461070116,0,0,0.0,1770605,646839366,860,0.0,0.5,seed
88,scmp,0.5174481564225356,1,0,0.0,52086,9131433,1257,0.0,1.0,dependency
89,punycode,0.5171132379212313,1,0,0.0,2016724,466243042,766,0.0,0.5,dependency
90,long-timeout,0.5166583350966347,1,0,0.0,31182,11423249,1265,0.0,1.0,dependency
91,cosmiconfig,0.5165908535255499,1,0,0.0,3498872,346082762,740,0.0,0.5,dependency
92,ieee754,0.5158699674658368,2,0,0.0,1081327,247567922,866,0.5,1.0,dependency
93,bytes,0.5157916950938869,2,0,0.0,1080038,260646691,876,0.0,0.5,dependency
94,dottie,0.5156216380034626,1,0,0.0,161543,9155801,906,0.0,1.0,dependency
95,sorted-array-functions,0.5155123308105058,1,0,0.0,28319,11044648,1257,0.0,1.0,dependency
96,telecom-mas-agent,0.5153250094114868,1,83,0.0,0,599022368,83,0.0037639265281541705,1.0,seed
97,buffer-more-ints,0.5153218267549735,1,0,0.0,47191,7679485,1271,0.0,1.0,dependency
98,ansi-regex,0.5149205324834786,1,0,0.0,1239008,1267848471,87,0.0,1.0,seed
99,png-js,0.5142042637464647,1,0,0.0,29287,9478550,1260,0.0,1.0,dependency
100,@types/estree,0.5130440514677395,1,0,0.0,1849638,322433246,124,0.0,1.0,dependency
101,linebreak,0.5129079922360944,1,0,0.0,21850,9921523,1265,0.0,1.0,dependency
102,base64-js,0.5127337643457007,1,0,0.0,1564057,257739509,866,0.0,0.5,dependency
103,strip-ansi,0.5126550267583385,3,1,3.590641250056104e-05,2069298,1390744803,87,0.25,1.0,seed
104,string-width,0.5118548633976658,3,2,1.795320625028052e-05,1106583,1172558919,95,0.2,1.0,seed
105,is-electron,0.5114720748963617,1,0,0.0,21980,15410763,1018,0.0,1.0,dependency
106,toidentifier,0.5112030972538325,1,0,0.0,4368444,206140944,1293,0.0,0.3333333333333333,seed
107,@jridgewell/sourcemap-codec,0.5107756041430185,1,0,0.0,1575125,349819095,115,0.0,1.0,dependency
108,common-tags,0.5101451844047151,1,0,0.0,1658574,69326468,1271,0.0,0.5,dependency
109,tree-kill,0.510082914568383,1,0,0.0,1070896,93208843,1256,0.0,0.5,dependency
110,@jridgewell/gen-mapping,0.5084189233473101,1,0,0.0,1278783,317207095,115,0.0,1.0,dependency
111,qs,0.5076883142912816,5,0,0.0,2110964,433089113,324,0.05,0.5,dependency
112,locate-path,0.5075418851992464,1,1,0.0,1089462,751095366,80,0.0,1.0,seed
113,is-reference,0.5074251330431476,1,0,0.0,148139,42530301,388,0.0,1.0,dependency
114,is-fullwidth-code-point,0.5067977438597058,0,1,0.0,1106069,690858830,96,0.0,1.0,seed
115,clsx,0.5056005878236952,1,0,0.0,548105,166676140,161,0.0,1.0,dependency
116,dom-serializer,0.5054164861056842,1,0,0.0,3228474,227904591,1085,0.0,0.3333333333333333,dependency
117,@jridgewell/trace-mapping,0.5050587328344428,1,0,0.0,1577545,450043708,85,0.0,1.0,dependency
118,querystring,0.5039037345707352,1,0,0.0,689417,67110326,1259,0.0,0.5,dependency
119,find-up,0.5037343215424943,0,2,0.0,1124485,735683208,80,0.0,1.0,seed
120,aws4,0.5032137536600415,1,0,0.0,9726,94504387,464,0.0,1.0,dependency
121,wrap-ansi,0.5031774350603958,1,3,1.795320625028052e-05,4485420,1020410544,87,0.25,1.0,seed
122,events,0.5028276405631412,3,0,0.0,1326229,208778537,876,0.0,0.3333333333333333,dependency
123,concat-stream,0.5025903714234182,1,0,0.0,1049268,120599433,876,0.0,0.5,dependency
124,combined-stream,0.5013937819623496,1,0,0.0,2188156,291333511,1271,0.0,0.25,dependency
125,y18n,0.501113985447555,1,0,0.0,1652118,401889922,878,0.0,0.3333333333333333,dependency
126,tslib,0.4989378222458906,20,0,0.0,1726336,1200303589,37,0.0,0.125,seed
127,@sendgrid/helpers,0.4985889683122501,1,0,0.0,22566,10668508,731,0.0,1.0,dependency
128,locate-character,0.4985596046126609,1,0,0.0,17986,6928166,904,0.0,1.0,dependency
129,eventemitter3,0.4984125505901662,1,0,0.0,1773097,240921044,949,0.0,0.3333333333333333,dependency
130,minimatch,0.4982150040700972,1,1,0.0,2198462,1511701787,37,0.0,1.0,seed
131,parseurl,0.49815578472484,3,0,0.0,1734638,197895066,205,0.3333333333333333,1.0,dependency
132,chalk,0.4975104249485698,2,0,0.0,1291351,1463358736,36,0.0,1.0,seed
133,enquirer,0.49718847356747364,1,0,0.0,727459,94216003,861,0.0,0.5,dependency
134,lodash.isplainobject,0.4970827549137279,1,0,0.0,984974,141113987,1265,0.0,0.3333333333333333,dependency
135,p-limit,0.4964503130838648,1,1,1.795320625028052e-05,1094175,739599083,47,0.0,1.0,seed
136,buffer-crc32,0.4964114009353975,1,0,0.0,968951,145129893,667,0.0,0.5,dependency
137,extract-zip,0.4962286826442557,1,0,0.0,447828,76196387,1007,0.0,0.5,dependency
138,resolve,0.49584635920039366,0,3,0.0,5229428,541700923,45,0.0,1.0,seed
139,@types/retry,0.49551428488690663,1,0,0.0,1092568,82731083,124,0.0,1.0,dependency
140,d3-interpolate,0.49476482151788215,1,0,0.0,133077,75209586,1270,0.0,0.5,dependency
141,eventemitter2,0.49424066860949556,1,0,0.0,239949,60644694,1179,0.0,0.5,dependency
142,d3-color,0.49381762349181013,1,0,0.0,133799,68433705,1270,0.0,0.5,dependency
143,lodash.isstring,0.4932934420134035,1,0,0.0,822612,109561466,1265,0.0,0.3333333333333333,dependency
144,cacheable-lookup,0.4926978035337787,1,0,0.0,168825,67076403,1165,0.0,0.5,dependency
145,url-parse,0.4924847901252918,1,0,0.0,2588673,115109582,1256,0.0,0.25,dependency
146,lodash.once,0.49223850359615795,1,0,0.0,731125,106471098,1265,0.0,0.3333333333333333,dependency
147,detect-libc,0.4917112975896628,1,0,0.0,2309281,237036103,61,0.0,1.0,dependency
148,escape-html,0.49136406236566255,4,0,0.0,2500873,212492401,749,0.3333333333333333,0.5,dependency
149,d3-timer,0.491083317543772,1,0,0.0,91106,66708216,1270,0.0,0.5,dependency
150,string_decoder,0.4906735667787916,1,1,0.0,1091725,629054166,876,0.0,0.2,seed
151,lodash.isboolean,0.49051533353787585,1,0,0.0,611406,100749756,1265,0.0,0.3333333333333333,dependency
152,https-proxy-agent,0.4902896229538254,1,0,0.0,1575850,419584766,51,0.0,1.0,dependency
153,axobject-query,0.49026057567636183,1,0,0.0,2039445,105732745,507,0.0,0.5,dependency
154,d3-path,0.4900993589713384,1,0,0.0,121167,78365110,1081,0.0,0.5,dependency
155,d3-ease,0.4899871262939942,1,0,0.0,83646,63287929,1270,0.0,0.5,dependency
156,@aws-crypto/sha256-js,0.4898905018904096,18,0,0.0,71832,113546874,196,0.0,0.125,dependency
157,d3-time,0.48978839171113253,1,0,0.0,120212,73299761,1098,0.0,0.5,dependency
158,fontkit,0.4895928123843689,1,0,0.0,22273,13810737,482,0.0,1.0,dependency
159,lodash.includes,0.489465026043158,1,0,0.0,608242,91364688,1265,0.0,0.3333333333333333,dependency
160,lodash.isinteger,0.48934498711400976,1,0,0.0,610304,90127673,1265,0.0,0.3333333333333333,dependency
161,lodash.isnumber,0.4892266995454645,1,0,0.0,615644,88630279,1265,0.0,0.3333333333333333,dependency
162,@aws-crypto/sha256-browser,0.4880938043477635,18,0,0.0,71363,95919776,196,0.0,0.125,dependency
163,mpath,0.48808282786670365,1,0,0.0,668928,14778862,1264,0.0,0.5,dependency
164,encodeurl,0.48788194044425803,4,0,0.0,2318351,358987350,553,0.3333333333333333,0.5,dependency
165,d3-shape,0.487289513711493,1,0,0.0,121138,80413743,968,0.0,0.5,dependency
166,d3-array,0.48720294180807755,1,0,0.0,133435,86341827,919,0.0,0.5,dependency
167,fsevents,0.48708223216805513,0,0,0.0,5289351,100342779,443,0.0,0.5,seed
168,@babel/plugin-syntax-object-rest-spread,0.48690687618510664,0,1,0.0,4657287,147511195,1272,0.0,0.16666666666666666,seed
169,@types/debug,0.4867961747979257,1,0,0.0,298717,79702092,124,0.0,1.0,dependency
170,cheerio-select,0.4864292766722812,1,0,0.0,103761,39684954,1266,0.0,0.5,dependency
171,@babel/plugin-syntax-optional-catch-binding,0.4864136815120509,0,1,0.0,4539577,142921435,1272,0.0,0.16666666666666666,seed
172,oauth-sign,0.4863620604842648,1,0,0.0,691549,63029188,1262,0.0,0.3333333333333333,dependency
173,@babel/plugin-syntax-json-strings,0.4859483238630391,0,1,0.0,4444129,138473130,1272,0.0,0.16666666666666666,seed
174,d3-time-format,0.48560731337622476,1,0,0.0,120327,68689290,968,0.0,0.5,dependency
175,d3-format,0.48554806003664885,1,0,0.0,121581,67863130,968,0.0,0.5,dependency
176,pretty-bytes,0.48541877398630295,1,0,0.0,1933851,83658552,75,0.0,1.0,dependency
177,node-fetch,0.48537279689554486,1,3,0.0,1817321,348823440,736,0.0,0.2,dependency
178,@octokit/plugin-request-log,0.4852933855066536,1,0,0.0,110708,36590654,198,0.0,1.0,dependency
179,d3-scale,0.48517924644857047,1,0,0.0,119152,66320309,968,0.0,0.5,dependency
180,fresh,0.48510188218201855,2,0,0.0,5019855,234990911,205,0.5,1.0,seed
181,yargs,0.4848427135560798,0,6,0.0,4893685,545186829,192,0.03333333333333333,0.5,seed
182,readable-stream,0.4847786602102505,1,5,0.0,1100152,812952206,332,0.0,0.3333333333333333,seed
183,log-symbols,0.48467296284993433,1,0,0.0,1543198,235351426,52,0.0,1.0,dependency
184,fill-range,0.48436304173981026,0,1,0.0,5461792,410804129,563,0.0,0.25,seed
185,d3-dispatch,0.48410158547276616,1,0,0.0,79274,37150090,1270,0.0,0.5,dependency
186,d3-selection,0.48334096342040367,1,0,0.0,72750,36411173,1270,0.0,0.5,dependency
187,retry-as-promised,0.4832114888856922,1,0,0.0,159740,9376893,281,0.0,1.0,dependency
188,arch,0.4830626711506415,1,0,0.0,673262,51376830,662,0.0,0.5,dependency
189,d3-transition,0.48267040322948207,1,0,0.0,68594,35400757,1270,0.0,0.5,dependency
190,etag,0.48255876865891034,2,0,0.0,4534857,195935698,205,0.5,1.0,seed
191,triple-beam,0.48219513891030674,1,0,0.0,135332,59579995,879,0.0,0.5,dependency
192,cli-table3,0.48216578605999194,1,0,0.0,497518,84414080,571,0.0,0.5,dependency
193,d3-drag,0.48208890615708855,1,0,0.0,62693,35388301,1270,0.0,0.5,dependency
194,@smithy/util-utf8,0.48169046927972137,18,0,0.0,14686,322627809,66,0.0,0.3333333333333333,dependency
195,d3-hierarchy,0.4812075719922342,1,0,0.0,73704,29420962,1270,0.0,0.5,dependency
196,d3-zoom,0.4810428732592451,1,0,0.0,57906,33611345,1270,0.0,0.5,dependency
197,oauth,0.48101131090879456,1,0,0.0,76389,13584169,268,0.0,1.0,dependency
198,tmp,0.48090297615371524,1,0,0.0,992625,215107060,52,0.0,1.0,dependency
199,date.js,0.4802221840764903,1,0,0.0,4129,1188285,1269,0.0,1.0,dependency
200,http2-wrapper,0.4797223008474585,1,0,0.0,138437,69361774,756,0.0,0.5,dependency
201,p-retry,0.47953455521364974,1,0,0.0,2253698,89241707,57,0.0,1.0,dependency
202,merge-descriptors,0.479267748939841,1,0,0.0,4062436,220920702,749,0.0,0.16666666666666666,dependency
203,@types/node,0.4792039642560476,2,1,1.795320625028052e-05,1060374,569923996,23,0.0,1.0,seed
204,d3-quadtree,0.4790719236191,1,0,0.0,64945,25906850,1270,0.0,0.5,dependency
205,json-stringify-safe,0.4790398714353882,1,0,0.0,5239,123557935,1265,0.0,0.5,dependency
206,cookie-signature,0.47898378188568314,1,0,0.0,4104495,222403185,401,0.0,0.3333333333333333,dependency
207,d3-force,0.47897414754557277,1,0,0.0,64420,25793419,1270,0.0,0.5,dependency
208,brace-expansion,0.47874099655446334,0,1,0.0,1303119,1104768464,177,0.0,0.5,seed
209,d3-dsv,0.4785995379656578,1,0,0.0,63389,25130088,1270,0.0,0.5,dependency
210,content-type,0.47750163471267326,2,0,0.0,1866290,208493291,205,0.5,1.0,dependency
211,ajv,0.4771646962928586,0,4,0.0,1087714,727735246,179,0.0,0.5,seed
212,form-data-encoder,0.4770481535508718,1,0,0.0,30574,45237330,183,0.0,1.0,dependency
213,yauzl,0.4770339142818758,1,0,0.0,728189,107741786,397,0.0,0.5,dependency
214,d3-brush,0.47676441680512194,1,0,0.0,56557,22602400,1270,0.0,0.5,dependency
215,d3-axis,0.4767237632972924,1,0,0.0,55033,22897280,1270,0.0,0.5,dependency
216,decompress-response,0.47660110237664155,1,0,0.0,1244414,123704195,52,0.0,1.0,dependency
217,d3-random,0.47644458830103564,1,0,0.0,53026,22808215,1270,0.0,0.5,dependency
218,d3-polygon,0.4763339541174204,1,0,0.0,53066,22556376,1270,0.0,0.5,dependency
219,@babel/helper-module-transforms,0.4759404800244337,1,3,0.0003052045062547688,3453731,291908984,43,0.0,0.25,dependency
220,d3-chord,0.475358093994418,1,0,0.0,52760,20609709,1270,0.0,0.5,dependency
221,one-time,0.47514926231350657,1,0,0.0,138677,57975668,1261,0.0,0.3333333333333333,dependency
222,d3-fetch,0.4747785607318674,1,0,0.0,45596,21331221,1270,0.0,0.5,dependency
223,responselike,0.47419468388345376,1,0,0.0,1073171,88484174,56,0.0,1.0,dependency
224,extend,0.47413902600987856,1,0,0.0,6640,178345101,876,0.0,0.5,dependency
225,camelcase,0.4740334699485592,0,0,0.0,4809686,508763367,24,0.0,1.0,seed
226,whatwg-mimetype,0.47349536610534176,1,0,0.0,2081415,187627446,755,0.0,0.16666666666666666,dependency
227,object-assign,0.4733634504220202,2,0,0.0,2052350,287055621,292,0.0,0.3333333333333333,dependency
228,untildify,0.472231268041567,1,0,0.0,252887,57553474,86,0.0,1.0,dependency
229,@smithy/util-body-length-browser,0.4717975551937923,18,0,0.0,14597,125094222,66,0.0,0.3333333333333333,dependency
230,@babel/helper-plugin-utils,0.47066459233584046,13,0,0.0,3527362,292505806,43,0.0,0.25,dependency
231,d3-contour,0.47011540917751415,1,0,0.0,48513,21389742,1058,0.0,0.5,dependency
232,@smithy/util-base64,0.4691430902929045,18,0,0.0,14669,142262146,57,0.0,0.3333333333333333,dependency
233,send,0.46913142617752035,2,11,0.0,4993661,258008333,253,0.09615384615384616,0.25,seed
234,yargs-parser,0.4690612476863375,1,0,0.0,4384968,588466148,192,0.0,0.3333333333333333,seed
235,jpeg-exif,0.46890327816327004,1,0,0.0,93,4174531,1265,0.0,1.0,dependency
236,@aws-sdk/types,0.46851423292375505,18,0,0.0,75143,301876999,15,0.0,0.5,dependency
237,color-convert,0.4684075768669522,0,1,0.0,1246711,969417687,20,0.0,1.0,seed
238,@cypress/request,0.46838896880296244,1,0,0.0,68098,28083940,133,0.0,1.0,dependency
239,sift,0.46828387883093814,1,0,0.0,649567,16728142,597,0.0,0.5,dependency
240,util,0.46803219327907813,1,0,0.0,701284,150457164,866,0.0,0.16666666666666666,dependency
241,is-number,0.46750105154502797,1,0,0.0,6502,423136954,924,0.0,0.3333333333333333,dependency
242,bull,0.46728472042720093,1,7,0.0,7430,4662658,351,0.03571428571428571,1.0,dependency
243,@smithy/util-body-length-node,0.4671903450167802,18,0,0.0,14597,118268470,57,0.0,0.3333333333333333,dependency
244,hasha,0.46712175802357603,1,0,0.0,299855,34825146,83,0.0,1.0,dependency
245,cors,0.4670190924124714,1,2,0.0,935233,107338958,240,0.0,0.5,dependency
246,is-glob,0.4668784421768417,1,1,0.0,6270,393026499,897,0.0,0.3333333333333333,dependency
247,@types/sizzle,0.46643503330273184,1,0,0.0,120106,34079017,101,0.0,1.0,dependency
248,esm-env,0.4662029013394682,1,0,0.0,11465,6050640,330,0.0,1.0,dependency
249,yocto-queue,0.46603131062264747,1,0,0.0,1236763,337197582,24,0.0,1.0,dependency
250,msgpackr,0.4658268398891877,1,0,0.0,44698,24370297,141,0.0,1.0,dependency
251,@types/tmp,0.4656929451549816,1,0,0.0,153382,15814773,124,0.0,1.0,dependency
252,uuid,0.4654771956165098,6,0,0.0,1006437,746048809,87,0.16666666666666666,0.5,seed
253,d3,0.4651131747325523,1,30,0.0,86366,24063233,202,0.0,0.5,dependency
254,dayjs,0.46475235588871555,2,0,0.0,490144,122813086,35,0.0,1.0,dependency
255,mime-db,0.46459048358233845,1,0,0.0,2093532,507486605,205,0.0,0.3333333333333333,dependency
256,cliui,0.4642468066032942,1,3,0.0,4471191,537931115,263,0.3333333333333333,0.5,seed
257,@babel/generator,0.46395466589703915,1,5,0.0002692980937542078,3757856,365389242,43,0.1,0.25,dependency
258,aria-query,0.46379110605911117,1,0,0.0,2081790,225972402,440,0.0,0.2,dependency
259,typed-query-selector,0.4633465334558792,1,0,0.0,288,16570965,478,0.0,1.0,dependency
260,@sindresorhus/is,0.46333126803548075,1,0,0.0,1059702,116059662,34,0.0,1.0,dependency
261,js-yaml,0.46289422022280313,0,1,0.0,1075506,625049259,20,0.0,1.0,seed
262,cron-parser,0.4627586370754275,3,0,0.0,43190,30899405,81,0.0,1.0,dependency
263,fetch-blob,0.4627267063553778,1,0,0.0,59369,66663460,932,0.0,0.3333333333333333,dependency
264,@aws-sdk/util-user-agent-browser,0.4622411022535975,18,0,0.0,71285,170617138,15,0.0,0.5,dependency
265,@aws-sdk/middleware-host-header,0.46206082835089757,18,0,0.0,71278,167695481,15,0.0,0.5,dependency
266,@aws-sdk/middleware-logger,0.4620115933216683,18,0,0.0,69575,169415008,15,0.0,0.5,dependency
267,@kurkle/color,0.4619102811339997,1,0,0.0,12102,16923107,190,0.0,1.0,dependency
268,follow-redirects,0.46181592277078176,1,0,0.0,2023308,278051384,127,0.0,0.5,dependency
269,d3-geo,0.46174448090736264,1,0,0.0,71380,29954702,632,0.0,0.5,dependency
270,stack-trace,0.4606809229272873,1,0,0.0,643320,75666632,877,0.0,0.16666666666666666,dependency
271,listr2,0.46031168504815545,1,0,0.0,188948,114217468,46,0.0,1.0,dependency
272,@aws-sdk/middleware-recursion-detection,0.4602090813526364,18,0,0.0,53899,166786851,15,0.0,0.5,dependency
273,negotiator,0.4599198027386784,1,0,0.0,1792608,356465206,205,0.0,0.3333333333333333,dependency
274,@aws-sdk/util-endpoints,0.4592167579532106,18,0,0.0,49322,160150622,15,0.0,0.5,dependency
275,@babel/types,0.4590479154897933,6,2,0.00012567244375196363,4673471,447665707,43,0.10714285714285714,0.25,seed
276,forever-agent,0.4587284077021978,1,0,0.0,6085,81563930,1266,0.0,0.3333333333333333,dependency
277,async,0.45864826295737143,1,0,0.0,926631,305301394,394,0.0,0.2,dependency
278,@babel/helper-skip-transparent-expression-wrappers,0.45795515969567036,2,2,0.0002872513000044883,2346435,144300697,43,0.08333333333333333,0.25,dependency
279,acorn,0.4578993757350226,1,0,0.0,1121780,563030533,179,0.0,0.3333333333333333,seed
280,@dabh/diagnostics,0.4569700706633917,1,0,0.0,82800,55470445,65,0.0,1.0,dependency
281,tough-cookie,0.4569416753552199,1,0,0.0,1773813,263674975,112,0.0,0.5,dependency
282,google-auth-library,0.45572719189763977,2,0,0.0,165330,100898769,35,0.0,1.0,dependency
283,@types/luxon,0.4552379973515911,1,0,0.0,10060,31134131,124,0.0,1.0,dependency
284,@smithy/types,0.45513524913479414,18,0,0.0,19741,294256779,24,0.0,0.3333333333333333,dependency
285,glob-parent,0.45409520231237405,0,1,0.0,6788,653425988,897,0.0,0.2,seed
286,got,0.4535602963266201,1,12,0.0,1332017,114514987,13,0.0,1.0,dependency
287,d3-scale-chromatic,0.45263433078546933,1,0,0.0,54331,14765942,632,0.0,0.5,dependency
288,crypto-js,0.4525326908967179,1,0,0.0,163892,42769135,52,0.0,1.0,dependency
289,hasown,0.45154329165421614,1,0,0.0,257,358960500,634,0.0,0.5,dependency
290,compressible,0.45141071102522,1,0,0.0,3417401,105594259,205,0.0,0.3333333333333333,dependency
291,emoji-regex,0.45059477161963446,0,0,0.0,4193583,986466276,53,0.0,0.5,seed
292,tunnel-agent,0.45056082241837336,1,0,0.0,4021,110967923,1256,0.0,0.25,dependency
293,bluebird,0.4504602150493101,2,0,0.0,8603,146014823,307,0.5,1.0,dependency
294,@smithy/protocol-http,0.44954027331847474,18,0,0.0,18142,181031807,24,0.0,0.3333333333333333,dependency
295,iconv-lite,0.44950481437918466,1,1,0.0,2198928,595626184,106,0.0,0.3333333333333333,seed
296,compression,0.44947239527096183,1,7,0.0,3408251,107852327,140,0.0,0.3333333333333333,dependency
297,semver,0.4494156292780758,6,0,0.0,1325167,2068597158,58,0.0,0.16666666666666666,seed
298,on-headers,0.4484714997537258,2,0,0.0,3651378,128145301,141,0.0,0.3333333333333333,dependency
299,sharp,0.4481453330060632,1,3,0.0,178353,86530297,29,0.0,1.0,dependency
300,d3-delaunay,0.4477735060748451,1,0,0.0,24641,23884427,979,0.0,0.3333333333333333,dependency
301,ci-info,0.4474009631237369,1,0,0.0,3193954,366492812,61,0.0,0.5,dependency
302,@smithy/fetch-http-handler,0.4469653117770303,18,0,0.0,14661,161203133,24,0.0,0.3333333333333333,dependency
303,@babel/code-frame,0.44625898719986234,2,3,0.00019748526875308571,943567,305453121,43,0.05,0.25,dependency
304,@smithy/util-middleware,0.4460852549478467,18,0,0.0,14643,148236365,24,0.0,0.3333333333333333,dependency
305,@octokit/rest,0.4460828875020951,1,4,0.0,169859,43080547,34,0.0,1.0,dependency
306,@smithy/util-retry,0.4460152917920795,18,0,0.0,14603,147491505,24,0.0,0.3333333333333333,dependency
307,@smithy/url-parser,0.44601238614025446,18,0,0.0,14646,147182798,24,0.0,0.3333333333333333,dependency
308,@octokit/plugin-paginate-rest,0.44592247865291634,1,0,0.0,162625,64221734,35,0.0,1.0,dependency
309,@smithy/node-config-provider,0.4458096361469434,18,0,0.0,14602,144609853,24,0.0,0.3333333333333333,dependency
310,@smithy/node-http-handler,0.44573581298765036,18,0,0.0,14684,143091320,24,0.0,0.3333333333333333,dependency
311,inflection,0.4456630177804394,1,0,0.0,260868,16180058,331,0.0,0.5,dependency
312,dezalgo,0.4456371902889923,1,0,0.0,551330,55880667,593,0.0,0.16666666666666666,dependency
313,@smithy/middleware-stack,0.44526587020851177,18,0,0.0,14660,136907989,24,0.0,0.3333333333333333,dependency
314,@octokit/plugin-rest-endpoint-methods,0.4447026239923104,1,0,0.0,162409,57161220,35,0.0,1.0,dependency
315,@smithy/middleware-content-length,0.4445361449553756,18,0,0.0,14597,127971429,24,0.0,0.3333333333333333,dependency
316,@octokit/core,0.44442348605092763,1,0,0.0,137082,61790402,35,0.0,1.0,dependency
317,picomatch,0.44431873566676516,0,0,0.0,1888591,749798072,142,0.0,0.25,seed
318,@smithy/config-resolver,0.4440596134798394,18,0,0.0,14597,122240372,24,0.0,0.3333333333333333,dependency
319,@smithy/invalid-dependency,0.4437542499329395,18,0,0.0,14599,118693506,24,0.0,0.3333333333333333,dependency
320,@smithy/hash-node,0.44365665635186785,18,0,0.0,14598,117589935,24,0.0,0.3333333333333333,dependency
321,morgan,0.4433415311833119,1,5,0.0,986048,31121096,141,0.0,0.5,dependency
322,agentkeepalive,0.44322945800900193,1,0,0.0,890672,64071964,341,0.0,0.25,dependency
323,@smithy/middleware-serde,0.4411411952333214,18,0,0.0,14640,147108859,20,0.0,0.3333333333333333,dependency
324,@types/sinonjs__fake-timers,0.440951423534401,1,0,0.0,101578,42964808,38,0.0,1.0,dependency
325,type-is,0.4409443850258219,3,0,0.0,1827489,226974466,253,0.16666666666666666,0.2,dependency
326,glob,0.4399927903032629,0,3,0.0,2105034,1018538143,10,0.16666666666666666,1.0,seed
327,caseless,0.4393973186314628,1,0,0.0,8221,86242287,578,0.0,0.3333333333333333,dependency
328,serve-static,0.43908745478956196,1,4,0.0,4975561,166108478,252,0.3,0.3333333333333333,seed
329,helmet,0.438742545498773,1,0,0.0,128887,24015433,262,0.0,0.5,dependency
330,@sendgrid/mail,0.4382981196247224,1,2,0.0,24095,10006789,77,0.0,1.0,dependency
331,lru-cache,0.43805731341981113,2,0,0.0,1198118,1081667393,4,0.0,1.0,seed
332,parse5,0.4375492000696594,1,0,0.0,3044435,263140788,148,0.0,0.2,dependency
333,type-fest,0.43747077032006343,1,1,1.795320625028052e-05,3278996,1014111247,3,0.0,1.0,seed
334,statuses,0.4373312842517627,4,0,0.0,5106018,391070610,181,0.3333333333333333,0.25,seed
335,farmhash-modern,0.43732621755379153,1,0,0.0,0,8508552,890,0.0,1.0,dependency
336,path-scurry,0.43691672685793315,1,2,0.0,88759,303454090,27,0.16666666666666666,1.0,dependency
337,@sendgrid/client,0.43635722728839244,1,0,0.0,22647,10876559,77,0.0,1.0,dependency
338,bcryptjs,0.43620078533172935,1,0,0.0,301987,21730229,32,0.0,1.0,dependency
339,systeminformation,0.4303428345566901,1,0,0.0,15997,13995388,61,0.0,1.0,dependency
340,fs-extra,0.4302654192304797,1,0,0.0,3606808,509856697,52,0.0,0.3333333333333333,dependency
341,winston-transport,0.4300627230348552,1,0,0.0,135581,65839170,390,0.0,0.2,dependency
342,sax,0.4294345482573375,2,0,0.0,4312111,196437052,30,0.5,1.0,seed
343,logform,0.42674223728379107,1,0,0.0,137657,65693501,390,0.0,0.16666666666666666,dependency
344,ms,0.4256879745670468,4,0,0.0,2318159,1277217112,87,0.08333333333333333,0.01818181818181818,seed
345,cheerio,0.4254811850591428,1,11,0.0,557077,55778270,52,0.0,0.5,dependency
346,get-east-asian-width,0.42498956179050473,2,0,0.0,39,84363322,86,0.0,1.0,dependency
347,formidable,0.42421061649839026,1,3,0.0,525124,63205066,206,0.0,0.2,dependency
348,encoding-sniffer,0.42384842167169356,1,0,0.0,27,21683792,179,0.0,1.0,dependency
349,minimist,0.4235284519379565,1,0,0.0,2004702,383420314,52,0.0,0.3333333333333333,dependency
350,aws-sdk,0.4230695868651382,1,10,0.0,181897,40126569,252,0.03636363636363636,0.2,dependency
351,p-queue,0.4228250934462957,1,0,0.0,125243,52554354,17,0.0,1.0,dependency
352,path-to-regexp,0.42277100192849154,0,0,0.0,4298330,395979823,93,0.0,0.16666666666666666,seed
353,basic-auth,0.4224221175054724,1,0,0.0,788900,36376164,205,0.0,0.25,dependency
354,router,0.42188054123254376,1,0,0.0,40231,54711084,253,0.0,0.3333333333333333,dependency
355,human-interval,0.42094221973507706,1,0,0.0,1805,894602,1265,0.0,0.5,dependency
356,@jest/types,0.4206839380710143,1,0,0.0,2802343,431360755,68,0.0,0.2,dependency
357,source-map,0.4193213787342237,0,0,0.0,1103771,903956053,129,0.0,0.045454545454545456,seed
358,eslint-visitor-keys,0.4181966486981956,0,0,0.0,1431349,603771380,25,0.0,0.5,seed
359,luxon,0.4180403111676466,1,0,0.0,78053,74811403,91,0.0,0.5,dependency
360,@babel/runtime,0.41742534722073577,2,0,0.0,4021755,319502466,43,0.0,0.25,dependency
361,kareem,0.4174175134243261,1,0,0.0,665116,12987152,16,0.0,1.0,dependency
362,pg-connection-string,0.41707701937454134,1,0,0.0,295107,65806000,170,0.0,0.25,dependency
363,@types/validator,0.4168300314836515,1,0,0.0,88394,36621835,17,0.0,1.0,dependency
364,dotenv,0.4167702845705311,1,0,0.0,1228719,326725093,66,0.0,0.25,dependency
365,@aws-sdk/middleware-user-agent,0.41562902312302474,18,0,0.0,71275,171966748,2,0.0,0.5,dependency
366,@aws-sdk/util-user-agent-node,0.4155522134291796,18,0,0.0,71337,170609787,2,0.0,0.5,dependency
367,@aws-sdk/credential-provider-node,0.41529264620936646,18,0,0.0,71358,166374336,2,0.0,0.5,dependency
368,browserslist,0.4151529529749479,1,0,0.0,4076082,357295797,2,0.0,1.0,dependency
369,process,0.4140382156197391,2,0,0.0,951523,150832314,52,0.0,0.3333333333333333,dependency
370,request,0.41398200844167254,1,20,0.0,847768,59439287,52,0.002380952380952381,0.25,dependency
371,@babel/helper-compilation-targets,0.41307069129770113,1,5,0.0,2425898,260298306,43,0.0,0.25,dependency
372,parse5-htmlparser2-tree-adapter,0.41280977014030534,1,0,0.0,650835,63238960,148,0.0,0.2,dependency
373,jest,0.41261507347845916,1,4,0.0,2134838,147792241,68,0.0,0.2,dependency
374,@isaacs/brace-expansion,0.41221463198809016,1,1,0.0,0,52482870,175,0.0,1.0,dependency
375,@babel/helper-validator-identifier,0.41154653507749694,3,0,0.0,579219,371526317,43,0.0,0.25,dependency
376,@isaacs/balanced-match,0.4111392810579676,1,0,0.0,0,53140268,175,0.0,1.0,dependency
377,@babel/helper-module-imports,0.41064342249775276,1,0,0.0,3498086,293417520,43,0.0,0.25,dependency
378,sequelize-pool,0.41049656340798346,1,0,0.0,141401,8514522,252,0.0,0.3333333333333333,dependency
379,googleapis-common,0.4104898893467198,1,0,0.0,25649,22149763,22,0.0,1.0,dependency
380,multer,0.40875583578933866,1,7,0.0,323227,33367495,141,0.0,0.2,dependency
381,color-name,0.4080279858448718,1,0,0.0,1252925,966612628,23,0.0,0.3333333333333333,seed
382,@jridgewell/remapping,0.40781182264945104,1,0,0.0,0,118046572,115,0.0,1.0,dependency
383,@babel/compat-data,0.4077868795358218,1,0,0.0,2427088,279416211,43,0.0,0.25,dependency
384,@jest/core,0.40777264661667795,1,0,0.0,2595866,130688603,68,0.0,0.2,dependency
385,@babel/helper-validator-option,0.40771135160009453,1,0,0.0,2596458,266074917,43,0.0,0.25,dependency
386,jest-cli,0.40725172931482617,1,0,0.0,2060983,143343187,68,0.0,0.2,dependency
387,@babel/helper-annotate-as-pure,0.4070182263548888,1,1,0.0,3198809,194890549,43,0.0,0.25,dependency
388,@babel/helper-member-expression-to-functions,0.4044954796286362,1,0,0.0,3285157,168893893,43,0.0,0.25,dependency
389,nodemailer,0.40422005496556346,1,0,0.0,214737,30459655,9,0.0,1.0,dependency
390,@babel/helper-optimise-call-expression,0.4034860808317752,1,0,0.0,3288913,153164577,43,0.0,0.25,dependency
391,url,0.4028361625781738,1,0,0.0,895914,86232351,52,0.0,0.3333333333333333,dependency
392,commander,0.40191813136687105,1,0,0.0,1082389,969616053,26,0.0,0.25,seed
393,@babel/plugin-transform-modules-commonjs,0.40189317220114273,0,2,0.0,4291106,143041566,43,0.0,0.25,seed
394,@babel/template,0.40185344989753935,2,3,0.0,4582774,318729236,43,0.2,0.25,seed
395,@babel/plugin-transform-destructuring,0.4016273502719757,0,2,0.0,4270320,139850779,43,0.0,0.25,seed
396,magic-string,0.4013367334635015,1,0,0.0,972985,281110556,42,0.0,0.25,dependency
397,@babel/plugin-transform-spread,0.40079866734529535,0,2,0.0,4263601,129265980,43,0.0,0.25,seed
398,range-parser,0.4005264397335401,2,0,0.0,1777583,203082384,205,0.5,0.25,dependency
399,@babel/plugin-transform-for-of,0.40028051995887504,0,2,0.0,4267128,122921074,43,0.0,0.25,seed
400,@babel/plugin-transform-block-scoping,0.40025434547805017,0,1,0.0,4264524,137722957,43,0.0,0.25,seed
401,@babel/helper-string-parser,0.40025330612529353,1,0,0.0,733858,283475594,43,0.0,0.25,dependency
402,@babel/plugin-transform-computed-properties,0.4001924549651239,0,2,0.0,4263199,121954025,43,0.0,0.25,seed
403,@babel/plugin-transform-parameters,0.40014448169534167,0,1,0.0,4270525,136157512,43,0.0,0.25,seed
404,@babel/plugin-transform-template-literals,0.399608171609511,0,1,0.0,4263671,129442813,43,0.0,0.25,seed
405,axios,0.3995270529133975,3,3,3.590641250056104e-05,453457,319597392,30,0.1,0.25,dependency
406,@babel/helper-replace-supers,0.3994650477356312,1,3,0.0,3331023,162511969,43,0.08333333333333333,0.25,dependency
407,@babel/plugin-transform-classes,0.39914825745982074,0,6,0.0,4263709,131735450,43,0.06666666666666667,0.25,seed
408,@babel/plugin-transform-arrow-functions,0.39904703610427394,0,1,0.0,4264832,122623519,43,0.0,0.25,seed
409,globals,0.39838496633778797,0,0,0.0,1094003,552998421,34,0.0,0.25,seed
410,amqplib,0.39746139022339466,1,2,0.0,49604,8230986,101,0.0,0.5,dependency
411,undici,0.3966512014060313,1,0,0.0,98048,112506668,63,0.0,0.3333333333333333,dependency
412,readdirp,0.3945388543005497,0,0,0.0,4905460,376301036,9,0.0,0.5,seed
413,@smithy/util-waiter,0.3942056118683332,10,0,0.0,5919,82763158,24,0.0,0.3333333333333333,dependency
414,@smithy/util-endpoints,0.39185785031888415,18,0,0.0,4,111615099,24,0.0,0.3333333333333333,dependency
415,winston,0.39176959633478114,1,11,0.0,285703,71988818,65,0.0,0.125,dependency
416,csv-parser,0.38928985311883146,1,0,0.0,9510,7698408,309,0.0,0.25,dependency
417,lodash,0.3892695116884899,6,0,0.0,1936033,350430732,11,0.16666666666666666,0.3333333333333333,dependency
418,@aws-sdk/region-config-resolver,0.38792634644446256,18,0,0.0,0,133732309,15,0.0,0.5,dependency
419,moment-timezone,0.38555834461294275,3,1,0.0,318273,51120906,194,0.3333333333333333,0.14285714285714285,dependency
420,content-disposition,0.38427568488723074,1,0,0.0,4222637,227525804,17,0.0,0.25,dependency
421,@babel/parser,0.3839136133137019,3,1,0.0,3782849,400249874,43,0.4166666666666667,0.25,dependency
422,mime-types,0.3816582694518621,3,1,0.0,2092391,463456129,15,0.08333333333333333,0.2,dependency
423,http-errors,0.38108573604121754,3,5,0.0,1084122,319604855,14,0.08928571428571429,0.25,dependency
424,tagged-tag,0.37814602313112977,1,0,0.0,0,1422856,207,0.0,1.0,dependency
425,@aws-crypto/sha1-browser,0.37806807542162635,1,0,0.0,4980,44770859,196,0.0,0.125,dependency
426,cacheable-request,0.37651345873470293,1,0,0.0,1073088,96155059,18,0.0,0.3333333333333333,dependency
427,@smithy/smithy-client,0.3760920136421688,18,0,0.0,14665,154770340,1,0.0,0.3333333333333333,dependency
428,execa,0.37576710892061493,1,0,0.0,932013,420102007,5,0.0,0.5,dependency
429,cookie,0.3753104548784539,1,0,0.0,2444047,382176462,8,0.0,0.3333333333333333,dependency
430,unicorn-magic,0.37480229025610456,1,0,0.0,16,84013205,20,0.0,1.0,dependency
431,@img/colour,0.3747987007232868,1,0,0.0,0,10680979,86,0.0,1.0,dependency
432,@smithy/middleware-retry,0.3745680895995557,18,0,0.0,14597,134060350,1,0.0,0.3333333333333333,dependency
433,@smithy/util-defaults-mode-node,0.3744691580428945,18,0,0.0,14597,132791201,1,0.0,0.3333333333333333,dependency
434,@smithy/util-defaults-mode-browser,0.37432641407303135,18,0,0.0,14597,130981147,1,0.0,0.3333333333333333,dependency
435,fast-uri,0.37266467190315566,1,0,0.0,8302,154382362,102,0.0,0.09090909090909091,dependency
436,@slack/logger,0.37243009000423777,1,0,0.0,5694,16751582,254,0.0,0.09090909090909091,dependency
437,form-data,0.3722776745094367,3,0,0.0,1722210,463892837,18,0.16666666666666666,0.16666666666666666,dependency
438,@aws-sdk/client-s3,0.37185729074472496,1,55,0.0,9695,53097486,2,0.0,0.5,dependency
439,@smithy/middleware-endpoint,0.3714768438711515,18,0,0.0,7810,146541189,1,0.0,0.3333333333333333,dependency
440,@smithy/util-stream,0.37101517194304623,3,0,0.0,14655,147166382,24,0.0,0.3333333333333333,dependency
441,mquery,0.36904955598504763,1,0,0.0,667130,14221336,17,0.0,0.5,dependency
442,chart.js,0.36820635452681777,1,1,0.0,192834,24925159,53,0.0,0.2,dependency
443,raw-body,0.36780492107761886,1,0,0.0,2366092,250172517,10,0.0,0.25,dependency
444,leaflet,0.3669598829953445,1,0,0.0,50451,8032527,111,0.0,0.2,dependency
445,cypress,0.3658935475538041,1,42,0.0,126733,27876237,2,0.0011074197120708748,0.5,dependency
446,pdfkit,0.36535460311980517,1,5,0.0,23418,5584219,96,0.0,0.25,dependency
447,express,0.3622606539682256,1,28,0.0,1853938,230958510,3,0.03571428571428571,0.2,dependency
448,undici-types,0.3621146720659143,1,0,0.0,0,422147769,86,0.0,0.5,dependency
449,@fastify/busboy,0.3614922651448805,1,0,0.0,7796,56874831,110,0.0,0.06666666666666667,dependency
450,body-parser,0.36078729415795785,2,9,0.0,1711280,229194383,4,0.06363636363636363,0.3333333333333333,dependency
451,devalue,0.3596092847903738,1,0,0.0,52279,12784697,23,0.0,0.5,dependency
452,@aws-sdk/middleware-bucket-endpoint,0.3574958472859644,2,0,0.0,9148,56161582,15,0.0,0.5,dependency
453,firebase-admin,0.3547856606596915,1,11,0.0,75312,13199783,29,0.015151515151515152,0.25,dependency
454,moment,0.35299312263598126,3,0,0.0,1006179,114971330,52,0.5,0.2,dependency
455,validator,0.3529339729485387,3,0,0.0,493728,72656958,24,0.3333333333333333,0.3333333333333333,dependency
456,chromium-bidi,0.35289423478672866,1,0,0.0,5493,34037203,21,0.0,0.5,dependency
457,finalhandler,0.3526064262806161,1,6,0.0,4946523,265702402,4,0.14285714285714285,0.3333333333333333,seed
458,@aws-sdk/middleware-ssec,0.3524935917197729,1,0,0.0,9146,56156986,15,0.0,0.5,dependency
459,@aws-sdk/middleware-expect-continue,0.3522941131510682,1,0,0.0,9171,54997395,15,0.0,0.5,dependency
460,node-schedule,0.351358510904836,1,3,0.0,32836,12277992,52,0.0,0.2,dependency
461,@aws-sdk/middleware-location-constraint,0.3512599475478355,1,0,0.0,9146,49875923,15,0.0,0.5,dependency
462,@aws-sdk/core,0.35112881382790473,18,0,0.0,2,175695202,2,0.0,0.5,dependency
463,sequelize,0.3507719846558017,1,16,0.0,193226,9353328,30,0.022058823529411766,0.125,dependency
464,agenda,0.34926074047412053,1,6,0.0,1375,557255,427,0.023809523809523808,0.1111111111111111,dependency
465,@azure/abort-controller,0.3487371479836284,1,0,0.0,18613,68927449,10,0.0,0.5,dependency
466,which,0.3477851368225476,0,1,0.0,4804,605066778,24,0.0,0.16666666666666666,seed
467,three,0.3474536899978192,1,0,0.0,51503,10110544,16,0.0,0.5,dependency
468,twilio,0.34674739545537936,1,7,0.0,21616,9409183,2,0.05357142857142857,1.0,dependency
469,googleapis,0.34516106728149754,1,2,0.0,40184,17422720,1,0.0,1.0,dependency
470,@smithy/eventstream-serde-config-resolver,0.34430109686023036,2,0,0.0,1895,64515524,24,0.0,0.3333333333333333,dependency
471,@smithy/eventstream-serde-browser,0.344213671390775,2,0,0.0,1895,63975492,24,0.0,0.3333333333333333,dependency
472,@redis/client,0.3440528101583056,1,0,0.0,8575,22060883,16,0.0,0.5,dependency
473,@smithy/eventstream-serde-node,0.3438974945216732,2,0,0.0,1895,62059911,24,0.0,0.3333333333333333,dependency
474,@paralleldrive/cuid2,0.34345623029099026,1,0,0.0,97,35566418,38,0.0,0.5,dependency
475,@redis/search,0.3431761016606012,1,0,0.0,8466,20438336,16,0.0,0.5,dependency
476,@redis/time-series,0.3431619916840981,1,0,0.0,8463,20415095,16,0.0,0.5,dependency
477,@smithy/md5-js,0.34297599252794786,3,0,0.0,920,54855970,24,0.0,0.3333333333333333,dependency
478,@redis/json,0.3428215802470367,1,0,0.0,8468,19750521,16,0.0,0.5,dependency
479,@redis/bloom,0.34197649733691105,1,0,0.0,8464,18214508,16,0.0,0.5,dependency
480,highcharts,0.3415453315194442,1,0,0.0,16723,7438659,88,0.0,0.09090909090909091,dependency
481,keyv,0.34113887280068966,1,0,0.0,1079901,261510685,1,0.0,0.5,dependency
482,redis,0.34106006972828024,1,5,0.0,154264,29369451,16,0.0,0.2,dependency
483,parse5-parser-stream,0.337750796248987,1,0,0.0,31,21267252,148,0.0,0.2,dependency
484,@azure/logger,0.33760053528424183,1,0,0.0,17084,32163792,9,0.0,0.5,dependency
485,@azure/core-paging,0.3363962608138076,1,0,0.0,14660,24384359,10,0.0,0.5,dependency
486,@smithy/hash-stream-node,0.33584533937617933,2,0,0.0,835,47449132,24,0.0,0.3333333333333333,dependency
487,byte-counter,0.33577668629955926,1,0,0.0,0,2311866,37,0.0,1.0,dependency
488,@smithy/hash-blob-browser,0.3356628093722197,2,0,0.0,855,45947824,24,0.0,0.3333333333333333,dependency
489,@aws-sdk/client-dynamodb,0.33502403042709794,1,42,0.0,2498,16022696,2,0.0,0.5,dependency
490,@azure/core-auth,0.33341994798431385,1,0,0.0,18595,15814548,10,0.0,0.5,dependency
491,node-forge,0.3334151037017399,1,0,0.0,3039204,113238547,2,0.0,0.3333333333333333,dependency
492,http-signature,0.33317185557875956,1,0,0.0,905940,94393216,8,0.0,0.125,dependency
493,@azure/core-client,0.33202736252003284,1,0,0.0,5749,28559049,10,0.0,0.5,dependency
494,@aws-sdk/client-iam,0.3293382097855506,1,40,0.0,2312,12265343,2,0.0,0.5,dependency
495,devtools-protocol,0.329234547748075,1,0,0.0,70218,55929863,7,0.0,0.3333333333333333,dependency
496,@aws-sdk/client-sqs,0.32818458526922933,1,41,0.0,995,16451252,2,0.0,0.5,dependency
497,@aws-sdk/middleware-endpoint-discovery,0.3278942570859388,1,0,0.0,1374,17002415,15,0.0,0.5,dependency
498,stripe,0.32593798761284387,1,1,0.0,46266,18124546,0,0.0,1.0,dependency
499,zimmerframe,0.3251467373343556,1,0,0.0,2,6125256,86,0.0,0.5,dependency
500,jsonwebtoken,0.32490928847746614,3,10,0.0,718942,110929858,1,0.01282051282051282,0.25,dependency
501,@aws-sdk/client-ses,0.32400503180703755,1,40,0.0,2032,7954169,2,0.0,0.5,dependency
502,puppeteer,0.32308719866559177,1,6,0.0,144056,26910791,2,0.0,0.5,dependency
503,i18next,0.3228430949368306,1,1,0.0,49895,41744827,3,0.0,0.5,dependency
504,@aws-sdk/client-secrets-manager,0.3227660080457406,1,39,0.0,536,18040808,2,0.0,0.5,dependency
505,@azure/core-http-compat,0.3227234992996325,1,0,0.0,2528,19389431,10,0.0,0.5,dependency
506,@aws-sdk/middleware-sdk-sqs,0.32127581814144224,1,0,0.0,535,16100583,15,0.0,0.5,dependency
507,react,0.3196543010572487,1,0,0.0,2830385,117286823,0,0.0,0.5,dependency
508,react-dom,0.3194524933544589,1,1,0.0,2621774,107411174,0,0.0,0.5,dependency
509,scheduler,0.3187743516539988,1,0,0.0,2143380,127962204,0,0.0,0.5,dependency
510,@smithy/core,0.3171951648134538,18,0,0.0,1,131116378,1,0.0,0.3333333333333333,dependency
511,@aws-sdk/client-sns,0.3161239276819787,1,39,0.0,758,7692998,2,0.0,0.5,dependency
512,@aws-sdk/client-ec2,0.3158684335151116,1,41,0.0,856,5523769,2,0.0,0.5,dependency
513,@aws-sdk/client-cloudformation,0.31451946053370694,1,40,0.0,600,6782604,2,0.0,0.5,dependency
514,@microsoft/microsoft-graph-client,0.3138348566860818,1,2,0.0,2634,3608908,24,0.0,0.3333333333333333,dependency
515,ioredis,0.31322974963108086,1,0,0.0,50169,40095613,2,0.0,0.5,dependency
516,puppeteer-core,0.31257960290340847,1,0,0.0,43700,41018272,2,0.0,0.5,dependency
517,@aws-sdk/middleware-sdk-ec2,0.31209786604631995,1,0,0.0,788,5246792,15,0.0,0.5,dependency
518,jwks-rsa,0.3074641494455301,1,0,0.0,32652,22888688,18,0.0,0.022222222222222223,dependency
519,@aws-sdk/middleware-sdk-s3,0.3070323364283686,1,0,0.0,9153,63188397,2,0.0,0.5,dependency
520,elasticsearch,0.3063654983514898,1,3,0.0,4611,1215775,52,0.08333333333333333,0.2,dependency
521,@aws-sdk/client-lambda,0.3062160924556544,1,44,0.0,1695,19264790,0,0.0,0.5,dependency
522,cron,0.3060874815044885,1,2,0.0,36988,15399011,5,0.0,0.3333333333333333,dependency
523,jws,0.30550300768925054,1,0,0.0,730294,125207235,1,0.0,0.25,dependency
524,@aws-sdk/client-cloudwatch,0.3052963172113341,1,41,0.0,271,4060806,2,0.0,0.5,dependency
525,@aws-sdk/client-cloudfront,0.30479844094628084,1,41,0.0,202,4637739,2,0.0,0.5,dependency
526,@aws-sdk/client-kms,0.3045312946179286,1,39,0.0,132,7399348,2,0.0,0.5,dependency
527,@aws-sdk/client-rds,0.3041877117753534,1,41,0.0,308,3373731,2,0.0,0.5,dependency
528,@aws-sdk/signature-v4-multi-region,0.30221033822836174,1,0,0.0,4361,62822720,2,0.0,0.5,dependency
529,@aws-sdk/middleware-flexible-checksums,0.3007297200779744,1,0,0.0,4454,53781431,2,0.0,0.5,dependency
530,@azure/core-util,0.2986185546235456,1,0,0.0,6077,36236913,2,0.0,0.5,dependency
531,@aws-sdk/middleware-sdk-rds,0.297640999085788,1,0,0.0,177,3278058,15,0.0,0.5,dependency
532,@puppeteer/browsers,0.29567482838516657,1,0,0.0,4110,34762609,2,0.0,0.5,dependency
533,@slack/web-api,0.2953222991165788,1,12,0.0,6039,14855839,9,0.01282051282051282,0.1,dependency
534,@slack/types,0.2948296848262073,1,0,0.0,7630,17655666,13,0.0,0.1,dependency
535,mongodb,0.29249438253038756,2,0,0.0,828772,33447868,1,0.0,0.2,dependency
536,paypal-rest-sdk,0.2880214134012087,1,2,0.0,2388,138041,2,0.0,1.0,dependency
537,express-validator,0.2864089331930486,1,2,0.0,71253,5286911,16,0.3333333333333333,0.25,dependency
538,svelte,0.2859573593198219,1,15,0.0,56439,7230385,1,0.0,0.3333333333333333,dependency
539,@azure/core-tracing,0.276950231977004,1,0,0.0,17118,45310102,0,0.0,0.5,dependency
540,mongoose,0.2719492474370962,1,6,0.0,833560,14673791,0,0.0,0.25,dependency
541,@azure/core-lro,0.2697092927116233,1,0,0.0,14215,25332662,0,0.0,0.5,dependency
542,@azure/core-rest-pipeline,0.2691906619994191,1,0,0.0,6238,40079906,0,0.0,0.5,dependency
543,@aws-sdk/client-s3-control,0.26458626702070165,1,45,0.0,5,537661,2,0.0,0.5,dependency
544,@aws-sdk/middleware-sdk-s3-control,0.26261964365745327,1,0,0.0,13,543604,15,0.0,0.5,dependency
545,@babel/helper-globals,0.25993376962805614,2,0,0.0,0,124467194,43,0.5,0.25,dependency
546,@firebase/database-types,0.2584798721536713,1,0,0.0,286638,15570231,0,0.0,0.25,dependency
547,@azure/core-xml,0.2577202198447096,1,0,0.0,350,12261355,1,0.0,0.5,dependency
548,@firebase/database-compat,0.2567856999838206,1,0,0.0,99485,25432978,0,0.0,0.25,dependency
549,@aws-sdk/client-cloudtrail,0.2556188181823954,1,39,0.0,5,454897,2,0.0,0.5,dependency
550,playwright-core,0.2524749180473773,1,0,0.0,17326,49453440,0,0.0,0.25,dependency
551,@azure/storage-blob,0.24913199146854118,1,14,0.0,11005,15298832,0,0.0,0.2,dependency
552,playwright,0.24897509198232082,1,1,0.0,9850,44587707,0,0.0,0.25,dependency
553,@smithy/middleware-apply-body-checksum,0.24579395870685006,1,0,0.0,1,554214,24,0.0,0.3333333333333333,dependency
554,@aws-sdk/client-cloudsearch,0.23818175323605606,1,39,0.0,1,167680,2,0.0,0.5,dependency
555,esrap,0.23462510517506316,1,0,0.0,1,5046083,3,0.0,0.5,dependency
556,@aws-sdk/client-cloudhsm,0.23326072680187473,1,39,0.0,0,160295,2,0.0,0.5,dependency
557,@sveltejs/acorn-typescript,0.21475037973917852,1,0,0.0,0,4466457,5,0.0,0.25,dependency
558,@azure/storage-common,0.1915306495031425,1,0,0.0,0,5059087,0,0.0,0.5,dependency
559,@smithy/middleware-compression,0.19076900127263605,1,0,0.0,0,3747689,1,0.0,0.3333333333333333,dependency
560,@aws-sdk/dynamodb-codec,0.19048475287966965,1,0,0.0,0,240325,2,0.0,0.5,dependency
