package,risk_score,in_degree,out_degree,betweenness,clustering,dependents_count,downloads,staleness_days,maintainer_risk,in_degree_norm,out_degree_norm,betweenness_norm,dependents_count_norm,downloads_norm,staleness_norm,clustering_risk_norm,type,rank
@babel/traverse,0.6352302585172132,5,7,0.0009874263437654285,0.06818181818181818,4583249,330432404,43,0.25,0.25,0.08433734939759036,1.0,0.985261996632586,0.8092295829738744,0.5277721816193937,0.9318181818181819,seed,24
setprototypeof,0.5828835310745147,1,0,0.0,0.0,5068682,291712487,1257,1.0,0.05,0.0,0.0,0.9917289074012804,0.7962669496890795,0.9954197268273937,1.0,seed,8
p-locate,0.5819488216556102,1,1,3.590641250056104e-05,0.0,1089447,755536014,896,1.0,0.05,0.012048192771084338,0.03636363636363637,0.892970299311357,0.8952452397103133,0.9482486060180373,1.0,seed,195
fast-deep-equal,0.5802521206353813,2,0,0.0,0.0,4968905,350162413,897,1.0,0.1,0.0,0.0,0.9904517905731346,0.8152614122057319,0.9484040017874735,1.0,seed,13
safer-buffer,0.5787888649273365,1,0,0.0,0.0,2151694,305880793,1299,1.0,0.05,0.0,0.0,0.9366890268065683,0.8011996224667965,1.0,1.0,dependency,108
domhandler,0.5772460143913125,1,0,0.0,0.0,2836242,237217525,1268,1.0,0.05,0.0,0.0,0.9544328544457501,0.774759415923283,0.9966339367720459,1.0,dependency,80
path-parse,0.5769172953629503,1,0,0.0,0.0,1929330,295947707,1261,1.0,0.05,0.0,0.0,0.9296818875768165,0.7977661025199868,0.9958624817663504,1.0,dependency,132
require-directory,0.5764314493055864,0,0,0.0,0.0,4338986,278669538,1258,1.0,0.0,0.0,0.0,0.9817439000584983,0.7915094981888576,0.9955305474042538,1.0,seed,38
retry,0.5758085666260516,1,0,0.0,0.0,2613336,221969842,1258,1.0,0.05,0.0,0.0,0.9491749051303657,0.767849666321642,0.9955305474042538,1.0,dependency,85
buffer,0.5753499727176888,3,2,0.0,0.05,1513316,396983609,866,1.0,0.15,0.024096385542168676,0.0,0.9140806856169508,0.8283139567106991,0.9435043496535348,0.95,dependency,158
escape-string-regexp,0.5747257834317756,0,0,0.0,0.0,2044639,789913156,954,1.0,0.0,0.0,0.0,0.9334107445772943,0.8998730481920605,0.9569870207742005,1.0,seed,123
once,0.5742878695008712,2,0,0.0,0.0,2121111,333854727,897,1.0,0.1,0.0,0.0,0.9357694468118128,0.8103012446219523,0.9484040017874735,1.0,dependency,111
unpipe,0.5742091931386779,0,0,0.0,0.0,5053604,205708545,1256,1.0,0.0,0.0,0.0,0.9915375344033565,0.7599367607377638,0.995308818122829,1.0,seed,9
supports-preserve-symlinks-flag,0.5740786448179692,1,0,0.0,0.0,1245746,274255022,1296,1.0,0.05,0.0,0.0,0.9015821824561999,0.7898487066199603,0.9996777795517656,1.0,dependency,175
inherits,0.5733332468673614,1,0,0.0,0.0,2323492,449338077,909,1.0,0.05,0.0,0.0,0.941623440844027,0.8411982878837175,0.9502553699729347,1.0,dependency,99
depd,0.5732610296737704,3,0,0.0,0.16666666666666666,2556983,326595428,1269,1.0,0.15,0.0,0.0,0.9477745698780402,0.8080147993113411,0.9967437971074945,0.8333333333333334,dependency,89
has-flag,0.5730425851036177,0,0,0.0,0.0,1287734,874161985,962,1.0,0.0,0.0,0.0,0.903711607821179,0.9104133028563762,0.9581504701793107,1.0,seed,169
require-from-string,0.5726236907364232,1,0,0.0,0.0,1639741,217933665,1258,1.0,0.05,0.0,0.0,0.9192347406770531,0.7659410718786707,0.9955305474042538,1.0,dependency,152
utils-merge,0.5719549647987651,0,0,0.0,0.0,4948638,167785069,1256,1.0,0.0,0.0,0.0,0.9901892471265898,0.7387427646154022,0.995308818122829,1.0,seed,15
proxy-from-env,0.5719293721068286,2,0,0.0,0.0,559702,244311243,1259,1.0,0.1,0.0,0.0,0.850187159318876,0.7778240017627093,0.9956412799933503,1.0,dependency,259
json-schema-traverse,0.5716789338552003,1,0,0.0,0.0,1067963,641885640,897,1.0,0.05,0.0,0.0,0.8916908835401895,0.8782904514368661,0.9484040017874735,1.0,seed,207
isarray,0.570427314949573,0,0,0.0,0.0,2097979,646283148,876,1.0,0.0,0.0,0.0,0.9350650557611498,0.879000559171795,0.9451037672813927,1.0,seed,115
get-caller-file,0.5700956267926888,1,0,0.0,0.0,4350442,297361612,817,1.0,0.05,0.0,0.0,0.981913278158718,0.7982618135380183,0.9353905881150758,1.0,seed,37
is-stream,0.569318730143889,2,0,0.0,0.0,2263687,463584979,654,1.0,0.1,0.0,0.0,0.9399483764163,0.844444749042808,0.9043970879898912,1.0,dependency,103
uri-js,0.5683001193517072,0,1,0.0,0.0,4745435,266742441,896,1.0,0.0,0.012048192771084338,0.0,0.9874958360007172,0.7869599527091962,0.9482486060180373,1.0,seed,20
fast-json-stable-stringify,0.568036058856569,0,0,0.0,0.0,4957551,283366060,897,1.0,0.0,0.0,0.0,0.9903048404143288,0.7932477445764146,0.9484040017874735,1.0,seed,14
fs.realpath,0.5679624264439925,0,0,0.0,0.0,5532257,262937430,897,1.0,0.0,0.0,0.0,0.9973506109456963,0.7854656499192826,0.9484040017874735,1.0,seed,2
mkdirp,0.5670597858323323,1,0,0.0,0.0,1948611,444233599,759,1.0,0.05,0.0,0.0,0.9303206612401329,0.8400100172729603,0.9251335899051147,1.0,dependency,128
argparse,0.5666320622806718,1,0,0.0,0.0,1075818,579861328,776,1.0,0.05,0.0,0.0,0.8921616251628944,0.8677212325446829,0.9282188825495701,1.0,seed,202
to-fast-properties,0.5662463351521673,0,0,0.0,0.0,4631839,100739468,1257,1.0,0.0,0.0,0.0,0.985939430075537,0.6856844677913481,0.9954197268273937,1.0,seed,23
balanced-match,0.563896474352847,1,0,0.0,0.0,1303263,377443120,790,1.0,0.05,0.0,0.0,0.9044816184759865,0.8230642387065371,0.9307094431729729,1.0,dependency,166
p-cancelable,0.5616195259310881,1,0,0.0,0.0,1122037,100477147,1235,1.0,0.05,0.0,0.0,0.8948637190379057,0.6854132874812519,0.9929591263958615,1.0,dependency,183
xtend,0.5604445018190358,1,0,0.0,0.0,1446059,191405982,878,1.0,0.05,0.0,0.0,0.911160386912308,0.7524417083373749,0.9454214614703376,1.0,dependency,159
event-target-shim,0.5602219579416292,1,0,0.0,0.0,637867,116505594,1266,1.0,0.05,0.0,0.0,0.8585845470982644,0.7008071200280515,0.996413956144988,1.0,dependency,252
regenerator-runtime,0.559409884811766,0,0,0.0,0.0,4404245,239655676,720,1.0,0.0,0.0,0.0,0.9827028406828431,0.7758229469279555,0.917786530253431,1.0,seed,34
yallist,0.5572684624307633,0,0,0.0,0.0,1187300,701615198,604,1.0,0.0,0.0,0.0,0.8984954217504728,0.8875443860471107,0.893322408255025,1.0,seed,181
lowercase-keys,0.5560252801884575,1,0,0.0,0.0,1311902,121107263,909,1.0,0.05,0.0,0.0,0.9049060238907779,0.7048360380479276,0.9502553699729347,1.0,dependency,165
har-validator,0.5534817747890152,1,0,0.0,0.0,684116,58484849,1265,1.0,0.05,0.0,0.0,0.8630809827566408,0.6291290939740302,0.9963038355797403,1.0,dependency,244
busboy,0.5530676787229616,1,0,0.0,0.0,428463,75035006,1265,1.0,0.05,0.0,0.0,0.8330230591031351,0.6550460569669998,0.9963038355797403,1.0,dependency,270
escalade,0.5517432101635585,1,0,0.0,0.0,2368706,341123642,462,1.0,0.05,0.0,0.0,0.942861453678173,0.8125414364797746,0.8560146057388189,1.0,dependency,95
abort-controller,0.5512794693453205,1,1,0.0,0.0,593406,123173568,876,1.0,0.05,0.012048192771084338,0.0,0.8539433680603297,0.7065955980590048,0.9451037672813927,1.0,dependency,257
jsesc,0.5506255934206592,1,0,0.0,0.0,4543338,402360179,359,1.0,0.05,0.0,0.0,0.9847001701914284,0.8297131152890349,0.8209213243630639,1.0,seed,26
picocolors,0.5496686109809394,1,0,0.0,0.0,2113229,402137996,414,1.0,0.05,0.0,0.0,0.9355302990670462,0.8296556673485252,0.8407500716969111,1.0,dependency,112
figures,0.5496277724232943,1,0,0.0,0.0,931471,207031001,640,1.0,0.05,0.0,0.0,0.882906910964491,0.7606032533258649,0.9013837799712934,1.0,dependency,224
import-local,0.5486809167786509,1,0,0.0,0.0,3448463,162218607,501,1.0,0.05,0.0,0.0,0.9669878890670698,0.7352337081752842,0.8672937852720776,1.0,dependency,66
js-tokens,0.546242760329582,1,0,0.0,0.0,1940799,391672243,377,1.0,0.05,0.0,0.0,0.9300626170064537,0.8269130347130492,0.8277259757881583,1.0,dependency,129
@colors/colors,0.5462222107602427,1,0,0.0,0.0,255801,141705353,879,1.0,0.05,0.0,0.0,0.7998894176241876,0.7211726147836346,0.9455800375973024,1.0,dependency,283
cli-cursor,0.544519347080948,1,0,0.0,0.0,756236,283558090,497,1.0,0.05,0.0,0.0,0.8695191921998532,0.7933182029850742,0.8661780378122762,1.0,dependency,234
is-core-module,0.5441370520817373,1,1,0.0,0.0,2348517,313697356,348,1.0,0.05,0.012048192771084338,0.0,0.9423116012363484,0.8038240311846446,0.816593347812648,1.0,dependency,97
is-installed-globally,0.5431117034048745,1,0,0.0,0.0,1091810,63533269,759,1.0,0.05,0.0,0.0,0.8931094777451994,0.6377403764933158,0.9251335899051147,1.0,dependency,192
append-field,0.542741086152525,1,0,0.0,0.0,281881,35552216,1271,1.0,0.05,0.0,0.0,0.8061258568596897,0.5773584876577514,0.9969632585039043,1.0,dependency,281
executable,0.5411687731673056,1,0,0.0,0.0,291583,30249813,1266,1.0,0.05,0.0,0.0,0.8082996105197313,0.5605602088633482,0.996413956144988,1.0,dependency,278
data-uri-to-buffer,0.5407199864123681,1,0,0.0,0.0,371709,142213721,661,1.0,0.05,0.0,0.0,0.8238954468322811,0.7215450689076315,0.9058796741918839,1.0,dependency,271
domutils,0.5406703078671281,1,0,0.0,0.0,3228971,235137277,332,1.0,0.05,0.0,0.0,0.962763336284871,0.7738433256435223,0.8100482083714435,1.0,dependency,74
on-finished,0.5393362436872902,5,1,1.795320625028052e-05,0.1,1780334,260003037,205,1.0,0.25,0.012048192771084338,0.018181818181818184,0.924519046188838,0.7842984123030542,0.7430665746231447,0.9,dependency,140
to-regex-range,0.5392218834317931,1,1,1.795320625028052e-05,0.0,5300496,358211999,1257,0.5,0.05,0.012048192771084338,0.018181818181818184,0.9946015586582293,0.8176252521294529,0.9954197268273937,1.0,seed,4
htmlparser2,0.5387635170918658,1,0,0.0,0.0,2705632,195508009,346,1.0,0.05,0.0,0.0,0.9514044397635946,0.7546471168231093,0.8157918071659767,1.0,dependency,83
jmespath,0.5385294507763795,1,0,0.0,0.0,136508,37584138,1265,1.0,0.05,0.0,0.0,0.7595477321130237,0.5831391044912902,0.9963038355797403,1.0,dependency,313
request-progress,0.5382032833584386,1,0,0.0,0.0,238036,26223839,1258,1.0,0.05,0.0,0.0,0.7952657930970256,0.5457059456788522,0.9955305474042538,1.0,dependency,286
vary,0.5374917001709492,3,0,0.0,0.0,4406042,198172139,205,1.0,0.15,0.0,0.0,0.9827290450223967,0.7560548074408059,0.7430665746231447,1.0,seed,33
formdata-polyfill,0.5372477363962943,1,0,0.0,0.0,54660,58352801,1266,1.0,0.05,0.0,0.0,0.7007554497163091,0.6288940019566576,0.996413956144988,1.0,dependency,373
isexe,0.5331975415458111,1,0,0.0,0.0,5752,454550953,855,1.0,0.05,0.0,0.0,0.5561303893195153,0.8423979412680558,0.9417235424352697,1.0,dependency,482
xmlbuilder,0.5330969300904487,3,0,0.0,0.3333333333333333,1052988,159247796,876,1.0,0.15,0.0,0.0,0.8907837770109385,0.733311322664096,0.9451037672813927,0.6666666666666667,dependency,211
safe-buffer,0.5326067429394011,3,0,0.0,0.0,1261649,732936435,878,0.5,0.15,0.0,0.0,0.9023970313313072,0.8920867343812877,0.9454214614703376,1.0,seed,172
debug,0.531507689212445,10,1,0.0001077192375016831,0.03636363636363636,1419208,1842160492,82,0.5,0.5,0.012048192771084338,0.10909090909090909,0.9099563963934711,0.9879424083218521,0.6162854860395595,0.9636363636363636,seed,161
@cypress/xvfb,0.5313854943924983,1,0,0.0,0.0,92179,23796360,1271,1.0,0.05,0.0,0.0,0.7343252411508117,0.5356031857663618,0.9969632585039043,1.0,dependency,334
is-typedarray,0.5308768987609485,1,0,0.0,0.0,5513,130690405,1265,1.0,0.05,0.0,0.0,0.5534047395648803,0.7127565768851234,0.9963038355797403,1.0,dependency,485
is-extglob,0.5308699360706287,1,0,0.0,0.0,5930,313635672,897,1.0,0.05,0.0,0.0,0.5580877792315244,0.8038035778998159,0.9484040017874735,1.0,dependency,480
get-port,0.5308387583824825,1,0,0.0,0.0,439877,57583144,625,1.0,0.05,0.0,0.0,0.834711894663321,0.6275130639559412,0.8980813126027815,1.0,dependency,269
ospath,0.5298485711500613,1,0,0.0,0.0,70827,24671917,1261,1.0,0.05,0.0,0.0,0.7173995103881421,0.53936123757977,0.9958624817663504,1.0,dependency,358
aws-sign2,0.529134176954051,1,0,0.0,0.0,9743,76779515,1271,1.0,0.05,0.0,0.0,0.5899788114059875,0.6574364411267127,0.9969632585039043,1.0,dependency,451
blob-util,0.5282002526621312,1,0,0.0,0.0,62400,22292537,1271,1.0,0.05,0.0,0.0,0.7092624095223076,0.5288136000911957,0.9969632585039043,1.0,dependency,367
cachedir,0.527355855935122,1,0,0.0,0.0,152551,33183196,865,1.0,0.05,0.0,0.0,0.7666854254840223,0.5701863450139537,0.9433433944266222,1.0,dependency,305
performance-now,0.5272095584493351,1,0,0.0,0.0,4469,105686498,1260,1.0,0.05,0.0,0.0,0.5399212695972272,0.6906704654275428,0.9957519247342905,1.0,dependency,492
proxy-addr,0.5262493038350592,1,0,0.0,0.0,4050584,185236612,205,1.0,0.05,0.0,0.0,0.9773257047298041,0.7490341843744983,0.7430665746231447,1.0,dependency,56
isstream,0.5262388674327539,1,0,0.0,0.0,5275,85982492,1265,1.0,0.05,0.0,0.0,0.550570469370392,0.669210533797667,0.9963038355797403,1.0,dependency,487
supports-color,0.5261707236693994,1,0,0.0,0.0,5765200,1446848484,87,1.0,0.05,0.0,0.0,1.0,0.9628196031346493,0.6244438167796723,1.0,seed,1
toposort-class,0.5239797077069916,1,0,0.0,0.0,160427,8559698,1256,1.0,0.05,0.0,0.0,0.7699190985492502,0.4292603422750082,0.995308818122829,1.0,dependency,300
ee-first,0.5237906916788524,1,0,0.0,0.0,2438994,204174890,1268,0.5,0.05,0.0,0.0,0.9447398614661701,0.7591584410375214,0.9966339367720459,1.0,dependency,92
accepts,0.5230988500255369,1,0,0.0,0.0,1717765,232420199,205,1.0,0.05,0.0,0.0,0.9222208426974162,0.772634508311664,0.7430665746231447,1.0,dependency,148
xml2js,0.5226260089973593,2,2,0.0,0.25,1065103,114020194,553,1.0,0.1,0.024096385542168676,0.0,0.8915186265388673,0.6985643626502497,0.8810403576211537,0.75,dependency,208
wkx,0.5215957042291909,1,0,0.0,0.0,160157,9419523,1113,1.0,0.05,0.0,0.0,0.7698108967197713,0.4392157546704841,0.9784651954508263,1.0,dependency,301
minipass,0.521572789099297,2,0,0.0,0.5,3331406,687134177,560,1.0,0.1,0.0,0.0,0.9647695168998935,0.8853752852294305,0.8827915444318232,0.5,seed,69
destroy,0.5213285482639918,0,0,0.0,0.0,4522290,177599571,1269,0.5,0.0,0.0,0.0,0.984401886907865,0.7446552607763228,0.9967437971074945,1.0,seed,29
ansi-styles,0.5190209387165492,1,0,0.0,0.0,1274606,1847943178,87,1.0,0.05,0.0,0.0,0.9030533734402155,0.9882683801659315,0.6244438167796723,1.0,seed,171
safe-stable-stringify,0.5179070968524075,1,0,0.0,0.0,75803,107339564,467,1.0,0.05,0.0,0.0,0.721760988510338,0.6922846561933912,0.8575126619101733,1.0,dependency,344
signal-exit,0.5179069461070116,0,0,0.0,0.0,1770605,646839366,860,0.5,0.0,0.0,0.0,0.9241670474369944,0.8790900326010586,0.9425358201456614,1.0,seed,144
scmp,0.5174481564225356,1,0,0.0,0.0,52086,9131433,1257,1.0,0.05,0.0,0.0,0.6976569727122316,0.43598513785833676,0.9954197268273937,1.0,dependency,380
punycode,0.5171132379212313,1,0,0.0,0.0,2016724,466243042,766,0.5,0.05,0.0,0.0,0.9325276896069294,0.8450393868430509,0.9264122810107959,1.0,dependency,126
long-timeout,0.5166583350966347,1,0,0.0,0.0,31182,11423249,1265,1.0,0.05,0.0,0.0,0.6647006696842696,0.45927501012259664,0.9963038355797403,1.0,dependency,399
cosmiconfig,0.5165908535255499,1,0,0.0,0.0,3498872,346082762,740,0.5,0.05,0.0,0.0,0.9679200966419883,0.8140425503845599,0.9216025737441053,1.0,dependency,63
ieee754,0.5158699674658368,2,0,0.0,0.5,1081327,247567922,866,1.0,0.1,0.0,0.0,0.8924897274555023,0.7792012478957959,0.9435043496535348,0.5,dependency,199
bytes,0.5157916950938869,2,0,0.0,0.0,1080038,260646691,876,0.5,0.1,0.0,0.0,0.8924131078798536,0.7845555677554885,0.9451037672813927,1.0,dependency,200
dottie,0.5156216380034626,1,0,0.0,0.0,161543,9155801,906,1.0,0.05,0.0,0.0,0.7703644092367308,0.43626231713956976,0.9497948268291629,1.0,dependency,299
sorted-array-functions,0.5155123308105058,1,0,0.0,0.0,28319,11044648,1257,1.0,0.05,0.0,0.0,0.6585143372557479,0.4557695171945227,0.9954197268273937,1.0,dependency,402
telecom-mas-agent,0.5153250094114868,1,83,0.0,0.0037639265281541705,0,599022368,83,1.0,0.05,1.0,0.0,0.0,0.8711024651959017,0.6179557777235603,0.9962360734718458,seed,548
buffer-more-ints,0.5153218267549735,1,0,0.0,0.0,47191,7679485,1271,1.0,0.05,0.0,0.0,0.6913173576130688,0.4179743929288575,0.9969632585039043,1.0,dependency,388
ansi-regex,0.5149205324834786,1,0,0.0,0.0,1239008,1267848471,87,1.0,0.05,0.0,0.0,0.9012337941149214,0.9490838971605201,0.6244438167796723,1.0,seed,177
png-js,0.5142042637464647,1,0,0.0,0.0,29287,9478550,1260,1.0,0.05,0.0,0.0,0.6606733177981942,0.43986547019787153,0.9957519247342905,1.0,dependency,401
@types/estree,0.5130440514677395,1,0,0.0,0.0,1849638,322433246,124,1.0,0.05,0.0,0.0,0.9269721891229792,0.8066808116103058,0.6733937569720551,1.0,dependency,136
linebreak,0.5129079922360944,1,0,0.0,0.0,21850,9921523,1265,1.0,0.05,0.0,0.0,0.6418562951268691,0.44461595607459353,0.9963038355797403,1.0,dependency,411
base64-js,0.5127337643457007,1,0,0.0,0.0,1564057,257739509,866,0.5,0.05,0.0,0.0,0.9161992089518466,0.7833889944573496,0.9435043496535348,1.0,dependency,156
strip-ansi,0.5126550267583385,3,1,3.590641250056104e-05,0.25,2069298,1390744803,87,1.0,0.15,0.012048192771084338,0.03636363636363637,0.9341808285837565,0.9587063399419273,0.6244438167796723,0.75,seed,120
string-width,0.5118548633976658,3,2,1.795320625028052e-05,0.2,1106583,1172558919,95,1.0,0.15,0.024096385542168676,0.018181818181818184,0.8939728235784383,0.9409576036647522,0.6365790924138309,0.8,seed,185
is-electron,0.5114720748963617,1,0,0.0,0.0,21980,15410763,1018,1.0,0.05,0.0,0.0,0.6422373334244266,0.4904160375132254,0.9660336890129824,1.0,dependency,410
toidentifier,0.5112030972538325,1,0,0.0,0.0,4368444,206140944,1293,0.3333333333333333,0.05,0.0,0.0,0.9821785404797987,0.7601551518688894,0.9993548129343243,1.0,seed,36
@jridgewell/sourcemap-codec,0.5107756041430185,1,0,0.0,0.0,1575125,349819095,115,1.0,0.05,0.0,0.0,0.9166521789809187,0.8151593890550732,0.6629722366970965,1.0,dependency,155
common-tags,0.5101451844047151,1,0,0.0,0.0,1658574,69326468,1271,0.5,0.05,0.0,0.0,0.9199683200696892,0.6468162662289125,0.9969632585039043,1.0,dependency,150
tree-kill,0.510082914568383,1,0,0.0,0.0,1070896,93208843,1256,0.5,0.05,0.0,0.0,0.8918670588579187,0.6776037098395117,0.995308818122829,1.0,dependency,206
@jridgewell/gen-mapping,0.5084189233473101,1,0,0.0,0.0,1278783,317207095,115,1.0,0.05,0.0,0.0,0.90326353961958,0.8049812204593281,0.6629722366970965,1.0,dependency,170
qs,0.5076883142912816,5,0,0.0,0.05,2110964,433089113,324,0.5,0.25,0.0,0.0,0.9354614117009846,0.8373675311122044,0.8066567296794429,0.95,dependency,113
locate-path,0.5075418851992464,1,1,0.0,0.0,1089462,751095366,80,1.0,0.05,0.012048192771084338,0.0,0.8929711837486721,0.8946321425731999,0.6128836664497532,1.0,seed,194
is-reference,0.5074251330431476,1,0,0.0,0.0,148139,42530301,388,1.0,0.05,0.0,0.0,0.7648002139444806,0.5959978623312642,0.8317266270778657,1.0,dependency,306
is-fullwidth-code-point,0.5067977438597058,0,1,0.0,0.0,1106069,690858830,96,1.0,0.0,0.012048192771084338,0.0,0.8939429790370604,0.8859375340498118,0.638024366369551,1.0,seed,186
clsx,0.5056005878236952,1,0,0.0,0.0,548105,166676140,161,1.0,0.05,0.0,0.0,0.8488421914070593,0.7380530836098295,0.7095553016100317,1.0,dependency,262
dom-serializer,0.5054164861056842,1,0,0.0,0.0,3228474,227904591,1085,0.3333333333333333,0.05,0.0,0.0,0.9627534482308805,0.7705939242506938,0.97491491712714,1.0,dependency,75
@jridgewell/trace-mapping,0.5050587328344428,1,0,0.0,0.0,1577545,450043708,85,1.0,0.05,0.0,0.0,0.9167507960182977,0.8413614887062943,0.621237521809918,1.0,dependency,153
querystring,0.5039037345707352,1,0,0.0,0.0,689417,67110326,1259,0.5,0.05,0.0,0.0,0.8635768158618431,0.6434372291180676,0.9956412799933503,1.0,dependency,243
find-up,0.5037343215424943,0,2,0.0,0.0,1124485,735683208,80,1.0,0.0,0.024096385542168676,0.0,0.8950037150977073,0.8924757818855599,0.6128836664497532,1.0,seed,182
aws4,0.5032137536600415,1,0,0.0,0.0,9726,94504387,464,1.0,0.05,0.0,0.0,0.5898666415751842,0.6790393740254148,0.856615760499908,1.0,dependency,452
wrap-ansi,0.5031774350603958,1,3,1.795320625028052e-05,0.25,4485420,1020410544,87,1.0,0.05,0.03614457831325301,0.018181818181818184,0.9838760193721019,0.9265024829956219,0.6244438167796723,0.75,seed,30
events,0.5028276405631412,3,0,0.0,0.0,1326229,208778537,876,0.3333333333333333,0.15,0.0,0.0,0.9056037390096016,0.761477477738037,0.9451037672813927,1.0,dependency,163
concat-stream,0.5025903714234182,1,0,0.0,0.0,1049268,120599433,876,0.5,0.05,0.0,0.0,0.8905564386789626,0.7043990002516933,0.9451037672813927,1.0,dependency,212
combined-stream,0.5013937819623496,1,0,0.0,0.0,2188156,291333511,1271,0.25,0.05,0.0,0.0,0.9377684483368796,0.7961317431676961,0.9969632585039043,1.0,dependency,107
y18n,0.501113985447555,1,0,0.0,0.0,1652118,401889922,878,0.3333333333333333,0.05,0.0,0.0,0.9197177897340164,0.8295914874798702,0.9454214614703376,1.0,dependency,151
tslib,0.4989378222458906,20,0,0.0,0.0,1726336,1200303589,37,0.125,1.0,0.0,0.0,0.922540563982879,0.9433898943253186,0.507325733927206,1.0,seed,146
@sendgrid/helpers,0.4985889683122501,1,0,0.0,0.0,22566,10668508,731,1.0,0.05,0.0,0.0,0.6439274230908922,0.45216573390897546,0.9198982630613163,1.0,dependency,408
locate-character,0.4985596046126609,1,0,0.0,0.0,17986,6928166,904,1.0,0.05,0.0,0.0,0.6293559398878192,0.4072662042152402,0.9494869510117747,1.0,dependency,417
eventemitter3,0.4984125505901662,1,0,0.0,0.0,1773097,240921044,949,0.3333333333333333,0.05,0.0,0.0,0.9242573928194284,0.7763706482774262,0.9562549052419094,1.0,dependency,143
minimatch,0.4982150040700972,1,1,0.0,0.0,2198462,1511701787,37,1.0,0.05,0.012048192771084338,0.0,0.9380702879340865,0.9673800921413894,0.507325733927206,1.0,seed,106
parseurl,0.49815578472484,3,0,0.0,0.3333333333333333,1734638,197895066,205,1.0,0.15,0.0,0.0,0.922848741011976,0.7559092903234675,0.7430665746231447,0.6666666666666667,dependency,145
chalk,0.4975104249485698,2,0,0.0,0.0,1291351,1463358736,36,1.0,0.1,0.0,0.0,0.9038917842982007,0.9639997148943628,0.5036063751465669,1.0,seed,168
enquirer,0.49718847356747364,1,0,0.0,0.0,727459,94216003,861,0.5,0.05,0.0,0.0,0.8670270658609828,0.6787215100137268,0.9426977095296428,1.0,dependency,239
lodash.isplainobject,0.4970827549137279,1,0,0.0,0.0,984974,141113987,1265,0.3333333333333333,0.05,0.0,0.0,0.8864945561016034,0.7207376675552069,0.9963038355797403,1.0,dependency,217
p-limit,0.4964503130838648,1,1,1.795320625028052e-05,0.0,1094175,739599083,47,1.0,0.05,0.012048192771084338,0.018181818181818184,0.8932484726977028,0.8930279144991194,0.5399074572535525,1.0,seed,189
buffer-crc32,0.4964114009353975,1,0,0.0,0.0,968951,145129893,667,0.5,0.05,0.0,0.0,0.8854409930692518,0.7236561999160008,0.907138037813991,1.0,dependency,219
extract-zip,0.4962286826442557,1,0,0.0,0.0,447828,76196387,1007,0.5,0.05,0.0,0.0,0.8358626394413579,0.6566435169473472,0.9645199646565557,1.0,dependency,268
resolve,0.49584635920039366,0,3,0.0,0.0,5229428,541700923,45,1.0,0.0,0.03614457831325301,0.0,0.9937344557184052,0.8606410255700025,0.533971766201138,1.0,seed,6
@types/retry,0.49551428488690663,1,0,0.0,0.0,1092568,82731083,124,1.0,0.05,0.0,0.0,0.8931540594140231,0.6652012755109332,0.6733937569720551,1.0,dependency,191
d3-interpolate,0.49476482151788215,1,0,0.0,0.0,133077,75209586,1270,0.5,0.05,0.0,0.0,0.757912571145268,0.6552877613472601,0.9968535709727763,1.0,dependency,318
eventemitter2,0.49424066860949556,1,0,0.0,0.0,239949,60644694,1179,0.5,0.05,0.0,0.0,0.7957799746522934,0.6329008134539917,0.986492578623965,1.0,dependency,285
d3-color,0.49381762349181013,1,0,0.0,0.0,133799,68433705,1270,0.5,0.05,0.0,0.0,0.7582601399357566,0.6454682122960516,0.9968535709727763,1.0,dependency,316
lodash.isstring,0.4932934420134035,1,0,0.0,0.0,822612,109561466,1265,0.3333333333333333,0.05,0.0,0.0,0.8749235183690557,0.6944155762845107,0.9963038355797403,1.0,dependency,232
cacheable-lookup,0.4926978035337787,1,0,0.0,0.0,168825,67076403,1165,0.5,0.05,0.0,0.0,0.77319668613209,0.6433846427254649,0.9848279828697455,1.0,dependency,294
url-parse,0.4924847901252918,1,0,0.0,0.0,2588673,115109582,1256,0.25,0.05,0.0,0.0,0.9485657987054016,0.6995533551907466,0.995308818122829,1.0,dependency,88
lodash.once,0.49223850359615795,1,0,0.0,0.0,731125,106471098,1265,0.3333333333333333,0.05,0.0,0.0,0.8673499722397214,0.6914397382413896,0.9963038355797403,1.0,dependency,236
detect-libc,0.4917112975896628,1,0,0.0,0.0,2309281,237036103,61,1.0,0.05,0.0,0.0,0.9412293466078732,0.7746798425079612,0.5756018933903966,1.0,dependency,102
escape-html,0.49136406236566255,4,0,0.0,0.3333333333333333,2500873,212492401,749,0.5,0.2,0.0,0.0,0.9463492683748009,0.763311330384873,0.9232863087447719,0.6666666666666667,dependency,90
d3-timer,0.491083317543772,1,0,0.0,0.0,91106,66708216,1270,0.5,0.05,0.0,0.0,0.733573119119392,0.6428121736320339,0.9968535709727763,1.0,dependency,335
string_decoder,0.4906735667787916,1,1,0.0,0.0,1091725,629054166,876,0.2,0.05,0.012048192771084338,0.0,0.8931044765516732,0.8761902787171878,0.9451037672813927,1.0,seed,193
lodash.isboolean,0.49051533353787585,1,0,0.0,0.0,611406,100749756,1265,0.3333333333333333,0.05,0.0,0.0,0.8558629210480196,0.6856950888502701,0.9963038355797403,1.0,dependency,254
https-proxy-agent,0.4902896229538254,1,0,0.0,0.0,1575850,419584766,51,1.0,0.05,0.0,0.0,0.9166817392287567,0.8340728329389041,0.5510708286852967,1.0,dependency,154
axobject-query,0.49026057567636183,1,0,0.0,0.0,2039445,105732745,507,0.5,0.05,0.0,0.0,0.9332473556615956,0.6907159671404393,0.8689508466104213,1.0,dependency,124
d3-path,0.4900993589713384,1,0,0.0,0.0,121167,78365110,1081,0.5,0.05,0.0,0.0,0.751889875783587,0.6595624219376868,0.9744002756256848,1.0,dependency,323
d3-ease,0.4899871262939942,1,0,0.0,0.0,83646,63287929,1270,0.5,0.05,0.0,0.0,0.7280854109534852,0.6373379693001633,0.9968535709727763,1.0,dependency,339
@aws-crypto/sha256-js,0.4898905018904096,18,0,0.0,0.0,71832,113546874,196,0.125,0.9,0.0,0.0,0.7183045826854708,0.698131714595881,0.736836212663224,1.0,dependency,349
d3-time,0.48978839171113253,1,0,0.0,0.0,120212,73299761,1098,0.5,0.05,0.0,0.0,0.7513815784338664,0.6526125850166902,0.976574506460014,1.0,dependency,326
fontkit,0.4895928123843689,1,0,0.0,0.0,22273,13810737,482,1.0,0.05,0.0,0.0,0.6430879364258671,0.4790149105300966,0.8619126384438626,1.0,dependency,409
lodash.includes,0.489465026043158,1,0,0.0,0.0,608242,91364688,1265,0.3333333333333333,0.05,0.0,0.0,0.8555296347044516,0.6755253002466599,0.9963038355797403,1.0,dependency,256
lodash.isinteger,0.48934498711400976,1,0,0.0,0.0,610304,90127673,1265,0.3333333333333333,0.05,0.0,0.0,0.855747035797897,0.6741075098617322,0.9963038355797403,1.0,dependency,255
lodash.isnumber,0.4892266995454645,1,0,0.0,0.0,615644,88630279,1265,0.3333333333333333,0.05,0.0,0.0,0.8563066471753371,0.6723650227988387,0.9963038355797403,1.0,dependency,253
@aws-crypto/sha256-browser,0.4880938043477635,18,0,0.0,0.0,71363,95919776,196,0.125,0.9,0.0,0.0,0.7178838020298938,0.6805855198249974,0.736836212663224,1.0,dependency,351
mpath,0.48808282786670365,1,0,0.0,0.0,668928,14778862,1264,0.5,0.05,0.0,0.0,0.8616387958174028,0.48606148611479694,0.9961936279970478,1.0,dependency,246
encodeurl,0.48788194044425803,4,0,0.0,0.3333333333333333,2318351,358987350,553,0.5,0.2,0.0,0.0,0.941481151480472,0.8178501303123931,0.8810403576211537,0.6666666666666667,dependency,100
d3-shape,0.487289513711493,1,0,0.0,0.0,121138,80413743,968,0.5,0.05,0.0,0.0,0.7518744996434255,0.6622464329309348,0.9590167318999141,1.0,dependency,324
d3-array,0.48720294180807755,1,0,0.0,0.0,133435,86341827,919,0.5,0.05,0.0,0.0,0.7580851464107663,0.6696442865711746,0.9517796221790468,1.0,dependency,317
fsevents,0.48708223216805513,0,0,0.0,0.0,5289351,100342779,443,0.5,0.0,0.0,0.0,0.994466349610087,0.6852741071705984,0.8501705620795623,1.0,seed,5
@babel/plugin-syntax-object-rest-spread,0.48690687618510664,0,1,0.0,0.0,4657287,147511195,1272,0.16666666666666666,0.0,0.012048192771084338,0.0,0.9862913915149062,0.7253488899907002,0.9970728598365707,1.0,seed,22
@types/debug,0.4867961747979257,1,0,0.0,0.0,298717,79702092,124,1.0,0.05,0.0,0.0,0.8098523381643223,0.6613218958708249,0.6733937569720551,1.0,dependency,276
cheerio-select,0.4864292766722812,1,0,0.0,0.0,103761,39684954,1266,0.5,0.05,0.0,0.0,0.7419281166175079,0.5887959970745873,0.996413956144988,1.0,dependency,330
@babel/plugin-syntax-optional-catch-binding,0.4864136815120509,0,1,0.0,0.0,4539577,142921435,1272,0.16666666666666666,0.0,0.012048192771084338,0.0,0.9846469724367399,0.7220613623383083,0.9970728598365707,1.0,seed,27
oauth-sign,0.4863620604842648,1,0,0.0,0.0,691549,63029188,1262,0.3333333333333333,0.05,0.0,0.0,0.8637751599315695,0.6369118881331405,0.9959729512284748,1.0,dependency,242
@babel/plugin-syntax-json-strings,0.4859483238630391,0,1,0.0,0.0,4444129,138473130,1272,0.16666666666666666,0.0,0.012048192771084338,0.0,0.9832819404223517,0.7187728178625793,0.9970728598365707,1.0,seed,32
d3-time-format,0.48560731337622476,1,0,0.0,0.0,120327,68689290,968,0.5,0.05,0.0,0.0,0.7514430004476521,0.6458559287740258,0.9590167318999141,1.0,dependency,325
d3-format,0.48554806003664885,1,0,0.0,0.0,121581,67863130,968,0.5,0.05,0.0,0.0,0.7521089830665534,0.644597412759366,0.9590167318999141,1.0,dependency,322
pretty-bytes,0.48541877398630295,1,0,0.0,0.0,1933851,83658552,75,1.0,0.05,0.0,0.0,0.9298322380204347,0.6663607636676262,0.6039973690874845,1.0,dependency,131
node-fetch,0.48537279689554486,1,3,0.0,0.0,1817321,348823440,736,0.2,0.05,0.03614457831325301,0.0,0.925839915784377,0.814862944935673,0.9208476723684798,1.0,dependency,138
@octokit/plugin-request-log,0.4852933855066536,1,0,0.0,0.0,110708,36590654,198,1.0,0.05,0.0,0.0,0.7460910165169351,0.5803528602032082,0.738244989173196,1.0,dependency,329
d3-scale,0.48517924644857047,1,0,0.0,0.0,119152,66320309,968,0.5,0.05,0.0,0.0,0.7508126449012671,0.6422056150438682,0.9590167318999141,1.0,dependency,328
fresh,0.48510188218201855,2,0,0.0,0.5,5019855,234990911,205,1.0,0.1,0.0,0.0,0.9911071077916264,0.7737785647822699,0.7430665746231447,0.5,seed,10
yargs,0.4848427135560798,0,6,0.0,0.03333333333333333,4893685,545186829,192,0.5,0.0,0.07228915662650602,0.0,0.989471926188826,0.8613081719843197,0.7339752366768691,0.9666666666666667,seed,18
readable-stream,0.4847786602102505,1,5,0.0,0.0,1100152,812952206,332,0.3333333333333333,0.05,0.060240963855421686,0.0,0.8935984161540571,0.9028631510291513,0.8100482083714435,1.0,seed,188
log-symbols,0.48467296284993433,1,0,0.0,0.0,1543198,235351426,52,1.0,0.05,0.0,0.0,0.9153367506187243,0.7739380050593583,0.5537274364106304,1.0,dependency,157
fill-range,0.48436304173981026,0,1,0.0,0.0,5461792,410804129,563,0.25,0.0,0.012048192771084338,0.0,0.9965271614917667,0.8318732042886878,0.8835353738677264,1.0,seed,3
d3-dispatch,0.48410158547276616,1,0,0.0,0.0,79274,37150090,1270,0.5,0.05,0.0,0.0,0.7246369922657243,0.581930979775644,0.9968535709727763,1.0,dependency,341
d3-selection,0.48334096342040367,1,0,0.0,0.0,72750,36411173,1270,0.5,0.05,0.0,0.0,0.7191203073076781,0.5798414442100651,0.9968535709727763,1.0,dependency,348
retry-as-promised,0.4832114888856922,1,0,0.0,0.0,159740,9376893,281,1.0,0.05,0.0,0.0,0.7696434260688607,0.4387439853731652,0.7868637387074479,1.0,dependency,302
arch,0.4830626711506415,1,0,0.0,0.0,673262,51376830,662,0.5,0.05,0.0,0.0,0.8620536457848286,0.6156519419853932,0.9060901914977262,1.0,dependency,245
d3-transition,0.48267040322948207,1,0,0.0,0.0,68594,35400757,1270,0.5,0.05,0.0,0.0,0.7153416934970713,0.576914456111456,0.9968535709727763,1.0,dependency,361
etag,0.48255876865891034,2,0,0.0,0.5,4534857,195935698,205,1.0,0.1,0.0,0.0,0.9845801476339713,0.7548743897088421,0.7430665746231447,0.5,seed,28
triple-beam,0.48219513891030674,1,0,0.0,0.0,135332,59579995,879,0.5,0.05,0.0,0.0,0.7589919446270035,0.6310586285407179,0.9455800375973024,1.0,dependency,315
cli-table3,0.48216578605999194,1,0,0.0,0.0,497518,84414080,571,0.5,0.05,0.0,0.0,0.8426218039622771,0.667295835928635,0.8854997399841332,1.0,dependency,264
d3-drag,0.48208890615708855,1,0,0.0,0.0,62693,35388301,1270,0.5,0.05,0.0,0.0,0.7095633244640612,0.5768778544205303,0.9968535709727763,1.0,dependency,366
@smithy/util-utf8,0.48169046927972137,18,0,0.0,0.0,14686,322627809,66,0.3333333333333333,0.9,0.0,0.0,0.6163359642036985,0.8067435521332411,0.5864187610696431,1.0,dependency,423
d3-hierarchy,0.4812075719922342,1,0,0.0,0.0,73704,29420962,1270,0.5,0.05,0.0,0.0,0.7199571862469362,0.557670650989112,0.9968535709727763,1.0,dependency,347
d3-zoom,0.4810428732592451,1,0,0.0,0.0,57906,33611345,1270,0.5,0.05,0.0,0.0,0.70446114130724,0.5715197085989177,0.9968535709727763,1.0,dependency,369
oauth,0.48101131090879456,1,0,0.0,0.0,76389,13584169,268,1.0,0.05,0.0,0.0,0.722255660729017,0.47729451891294106,0.7802814647229938,1.0,dependency,343
tmp,0.48090297615371524,1,0,0.0,0.0,992625,215107060,52,1.0,0.05,0.0,0.0,0.8869916025622219,0.7645832861536699,0.5537274364106304,1.0,dependency,215
date.js,0.4802221840764903,1,0,0.0,0.0,4129,1188285,1269,1.0,0.05,0.0,0.0,0.5348394156707653,0.22389483087914902,0.9967437971074945,1.0,dependency,495
http2-wrapper,0.4797223008474585,1,0,0.0,0.0,138437,69361774,756,0.5,0.05,0.0,0.0,0.7604491074231385,0.646869220082176,0.9245819701142646,1.0,dependency,310
p-retry,0.47953455521364974,1,0,0.0,0.0,2253698,89241707,57,1.0,0.05,0.0,0.0,0.9396642898398642,0.6730800592229971,0.5663006015368179,1.0,dependency,104
merge-descriptors,0.479267748939841,1,0,0.0,0.0,4062436,220920702,749,0.16666666666666666,0.05,0.0,0.0,0.9775133875790545,0.7673569164285765,0.9232863087447719,1.0,dependency,55
@types/node,0.4792039642560476,2,1,1.795320625028052e-05,0.0,1060374,569923996,23,1.0,0.1,0.012048192771084338,0.018181818181818184,0.8912327829196737,0.8659233863195336,0.4432358220932739,1.0,seed,209
d3-quadtree,0.4790719236191,1,0,0.0,0.0,64945,25906850,1270,0.5,0.05,0.0,0.0,0.7118302745099978,0.5444410789947092,0.9968535709727763,1.0,dependency,363
json-stringify-safe,0.4790398714353882,1,0,0.0,0.0,5239,123557935,1265,0.5,0.05,0.0,0.0,0.550130655511996,0.7069196469416646,0.9963038355797403,1.0,dependency,488
cookie-signature,0.47898378188568314,1,0,0.0,0.0,4104495,222403185,401,0.3333333333333333,0.05,0.0,0.0,0.9781750235055762,0.7680525153455477,0.8363113128423599,1.0,dependency,53
d3-force,0.47897414754557277,1,0,0.0,0.0,64420,25793419,1270,0.5,0.05,0.0,0.0,0.711308895587305,0.5439846971821296,0.9968535709727763,1.0,dependency,364
brace-expansion,0.47874099655446334,0,1,0.0,0.0,1303119,1104768464,177,0.5,0.0,0.012048192771084338,0.0,0.9044745204206396,0.9347637620244068,0.7226913747938809,1.0,seed,167
d3-dsv,0.4785995379656578,1,0,0.0,0.0,63389,25130088,1270,0.5,0.05,0.0,0.0,0.7102725248486539,0.5412749721216308,0.9968535709727763,1.0,dependency,365
content-type,0.47750163471267326,2,0,0.0,0.5,1866290,208493291,205,1.0,0.1,0.0,0.0,0.9275479167563749,0.7613352811240688,0.7430665746231447,0.5,dependency,134
ajv,0.4771646962928586,0,4,0.0,0.0,1087714,727735246,179,0.5,0.0,0.04819277108433735,0.0,0.8928680352587749,0.8913460374391626,0.7242496892027853,1.0,seed,196
form-data-encoder,0.4770481535508718,1,0,0.0,0.0,30574,45237330,183,1.0,0.05,0.0,0.0,0.663435817784532,0.6024156446807966,0.727315036521695,1.0,dependency,400
yauzl,0.4770339142818758,1,0,0.0,0.0,728189,107741786,397,0.5,0.05,0.0,0.0,0.8670914948358981,0.692673658575169,0.8349166243334746,1.0,dependency,238
d3-brush,0.47676441680512194,1,0,0.0,0.0,56557,22602400,1270,0.5,0.05,0.0,0.0,0.7029469713159308,0.5302493140489953,0.9968535709727763,1.0,dependency,370
d3-axis,0.4767237632972924,1,0,0.0,0.0,55033,22897280,1270,0.5,0.05,0.0,0.0,0.701192306378264,0.5315974439083667,0.9968535709727763,1.0,dependency,372
decompress-response,0.47660110237664155,1,0,0.0,0.0,1244414,123704195,52,1.0,0.05,0.0,0.0,0.9015134610631312,0.7070426898820238,0.5537274364106304,1.0,dependency,176
d3-random,0.47644458830103564,1,0,0.0,0.0,53026,22808215,1270,0.5,0.05,0.0,0.0,0.6988059042685977,0.5311920960554657,0.9968535709727763,1.0,dependency,377
d3-polygon,0.4763339541174204,1,0,0.0,0.0,53066,22556376,1270,0.5,0.05,0.0,0.0,0.6988543420762263,0.5300373164116848,0.9968535709727763,1.0,dependency,376
@babel/helper-module-transforms,0.4759404800244337,1,3,0.0003052045062547688,0.0,3453731,291908984,43,0.25,0.05,0.03614457831325301,0.3090909090909091,0.9670859449947456,0.7963369844046215,0.5277721816193937,1.0,dependency,65
d3-chord,0.475358093994418,1,0,0.0,0.0,52760,20609709,1270,0.5,0.05,0.0,0.0,0.698482860450071,0.5206501968078159,0.9968535709727763,1.0,dependency,378
one-time,0.47514926231350657,1,0,0.0,0.0,138677,57975668,1261,0.3333333333333333,0.05,0.0,0.0,0.7605603740797862,0.6282196312015906,0.9958624817663504,1.0,dependency,309
d3-fetch,0.4747785607318674,1,0,0.0,0.0,45596,21331221,1270,0.5,0.05,0.0,0.0,0.689108731190155,0.5242289934422254,0.9968535709727763,1.0,dependency,390
responselike,0.47419468388345376,1,0,0.0,0.0,1073171,88484174,56,1.0,0.05,0.0,0.0,0.8920033783929762,0.6721934296828292,0.5638750153793658,1.0,dependency,204
extend,0.47413902600987856,1,0,0.0,0.0,6640,178345101,876,0.5,0.05,0.0,0.0,0.5653510396781424,0.7450909451171169,0.9451037672813927,1.0,dependency,473
camelcase,0.4740334699485592,0,0,0.0,0.0,4809686,508763367,24,1.0,0.0,0.0,0.0,0.988359739921455,0.8541166169347301,0.44892917131470333,1.0,seed,19
whatwg-mimetype,0.47349536610534176,1,0,0.0,0.0,2081415,187627446,755,0.16666666666666666,0.05,0.0,0.0,0.9345558781926586,0.75036799306265,0.9243976109484369,1.0,dependency,119
object-assign,0.4733634504220202,2,0,0.0,0.0,2052350,287055621,292,0.3333333333333333,0.1,0.0,0.0,0.9336525474721079,0.7945932127113073,0.7922005448578994,1.0,dependency,122
untildify,0.472231268041567,1,0,0.0,0.0,252887,57553474,86,1.0,0.05,0.0,0.0,0.7991534539352657,0.6274594605024492,0.6228498829889778,1.0,dependency,284
@smithy/util-body-length-browser,0.4717975551937923,18,0,0.0,0.0,14597,125094222,66,0.3333333333333333,0.9,0.0,0.0,0.6159455178196231,0.7082048576580254,0.5864187610696431,1.0,dependency,443
@babel/helper-plugin-utils,0.47066459233584046,13,0,0.0,0.0,3527362,292505806,43,0.25,0.65,0.0,0.0,0.9684410362588298,0.7965494127496765,0.5277721816193937,1.0,dependency,62
d3-contour,0.47011540917751415,1,0,0.0,0.0,48513,21389742,1058,0.5,0.05,0.0,0.0,0.6930920995157599,0.5245139375277706,0.9714036569954348,1.0,dependency,387
@smithy/util-base64,0.4691430902929045,18,0,0.0,0.0,14669,142262146,57,0.3333333333333333,0.9,0.0,0.0,0.6162615676895884,0.7215804778448333,0.5663006015368179,1.0,dependency,425
send,0.46913142617752035,2,11,0.0,0.09615384615384616,4993661,258008333,253,0.25,0.1,0.13253012048192772,0.0,0.990771036495625,0.7834974169400996,0.7722792114501428,0.9038461538461539,seed,11
yargs-parser,0.4690612476863375,1,0,0.0,0.0,4384968,588466148,192,0.3333333333333333,0.05,0.0,0.0,0.9824210638097913,0.8692532853788572,0.7339752366768691,1.0,seed,35
jpeg-exif,0.46890327816327004,1,0,0.0,0.0,93,4174531,1265,1.0,0.05,0.0,0.0,0.2918476564076314,0.3545774540655882,0.9963038355797403,1.0,dependency,530
@aws-sdk/types,0.46851423292375505,18,0,0.0,0.0,75143,301876999,15,0.5,0.9,0.0,0.0,0.7211992494418116,0.79982925777277,0.38668654064111413,1.0,dependency,346
color-convert,0.4684075768669522,0,1,0.0,0.0,1246711,969417687,20,1.0,0.0,0.012048192771084338,0.0,0.9016319234664703,0.9211706376259605,0.42461250740300316,1.0,seed,174
@cypress/request,0.46838896880296244,1,0,0.0,0.0,68098,28083940,133,1.0,0.05,0.0,0.0,0.71487551802408,0.552833377545701,0.6830903962299216,1.0,dependency,362
sift,0.46828387883093814,1,0,0.0,0.0,649567,16728142,597,0.5,0.05,0.0,0.0,0.8597521292808488,0.49894726915603616,0.8916993245658775,1.0,dependency,250
util,0.46803219327907813,1,0,0.0,0.0,701284,150457164,866,0.16666666666666666,0.05,0.0,0.0,0.8646731233534952,0.7274055422289819,0.9435043496535348,1.0,dependency,241
is-number,0.46750105154502797,1,0,0.0,0.0,6502,423136954,924,0.3333333333333333,0.05,0.0,0.0,0.5640021302687876,0.8349496379379633,0.9525355464612703,1.0,dependency,474
bull,0.46728472042720093,1,7,0.0,0.03571428571428571,7430,4662658,351,1.0,0.05,0.08433734939759036,0.0,0.5725711433215573,0.366078823066689,0.8177870871002292,0.9642857142857143,dependency,471
@smithy/util-body-length-node,0.4671903450167802,18,0,0.0,0.0,14597,118268470,57,0.3333333333333333,0.9,0.0,0.0,0.6159455178196231,0.7023690749535552,0.5663006015368179,1.0,dependency,439
hasha,0.46712175802357603,1,0,0.0,0.0,299855,34825146,83,1.0,0.05,0.0,0.0,0.810096591344245,0.575209433444395,0.6179557777235603,1.0,dependency,275
cors,0.4670190924124714,1,2,0.0,0.0,935233,107338958,240,0.5,0.05,0.024096385542168676,0.0,0.8831658268790237,0.6922840690114179,0.7649519509756814,1.0,dependency,222
is-glob,0.4668784421768417,1,1,0.0,0.0,6270,393026499,897,0.3333333333333333,0.05,0.012048192771084338,0.0,0.5616685426009779,0.8272720285004196,0.9484040017874735,1.0,dependency,475
@types/sizzle,0.46643503330273184,1,0,0.0,0.0,120106,34079017,101,1.0,0.05,0.0,0.0,0.751324911297304,0.5729568851434842,0.645034268293265,1.0,dependency,327
esm-env,0.4662029013394682,1,0,0.0,0.0,11465,6050640,330,1.0,0.05,0.0,0.0,0.6004323836254496,0.39318055170602173,0.8092080390316053,1.0,dependency,447
yocto-queue,0.46603131062264747,1,0,0.0,0.0,1236763,337197582,24,1.0,0.05,0.0,0.0,0.9011172954544276,0.8113374681426402,0.44892917131470333,1.0,dependency,178
msgpackr,0.4658268398891877,1,0,0.0,0.0,44698,24370297,141,1.0,0.05,0.0,0.0,0.6878310060705289,0.5380819027713302,0.691177745025009,1.0,dependency,391
@types/tmp,0.4656929451549816,1,0,0.0,0.0,153382,15814773,124,1.0,0.05,0.0,0.0,0.7670343955833936,0.49310754202231205,0.6733937569720551,1.0,dependency,304
uuid,0.4654771956165098,6,0,0.0,0.16666666666666666,1006437,746048809,87,0.5,0.3,0.0,0.0,0.8878792736445444,0.8939309748871346,0.6244438167796723,0.8333333333333334,seed,213
d3,0.4651131747325523,1,30,0.0,0.0,86366,24063233,202,0.5,0.05,0.3614457831325301,0.0,0.73014100128511,0.536763107832934,0.7410205571671044,1.0,dependency,338
dayjs,0.46475235588871555,2,0,0.0,0.0,490144,122813086,35,1.0,0.1,0.0,0.0,0.8416625860752109,0.7062907657210769,0.49978510354543365,1.0,dependency,266
mime-db,0.46459048358233845,1,0,0.0,0.0,2093532,507486605,205,0.3333333333333333,0.05,0.0,0.0,0.9349287507681621,0.8538552814879453,0.7430665746231447,1.0,dependency,116
cliui,0.4642468066032942,1,3,0.0,0.3333333333333333,4471191,537931115,263,0.5,0.05,0.03614457831325301,0.0,0.9836719178586664,0.8599146956693943,0.7776647333921105,0.6666666666666667,seed,31
@babel/generator,0.46395466589703915,1,5,0.0002692980937542078,0.1,3757856,365389242,43,0.25,0.05,0.060240963855421686,0.27272727272727276,0.9725071283991301,0.8196885469113948,0.5277721816193937,0.9,dependency,59
aria-query,0.46379110605911117,1,0,0.0,0.0,2081790,225972402,440,0.2,0.05,0.0,0.0,0.934567450462545,0.7697083953313683,0.8492250148060063,1.0,dependency,118
typed-query-selector,0.4633465334558792,1,0,0.0,0.0,288,16570965,478,1.0,0.05,0.0,0.0,0.36399428793061966,0.4979654120257016,0.8607528173012354,1.0,dependency,523
@sindresorhus/is,0.46333126803548075,1,0,0.0,0.0,1059702,116059662,34,1.0,0.05,0.0,0.0,0.891192060578509,0.7004082668804645,0.4958561764479165,1.0,dependency,210
js-yaml,0.46289422022280313,0,1,0.0,0.0,1075506,625049259,20,1.0,0.0,0.012048192771084338,0.0,0.8921429929833318,0.875526001667608,0.42461250740300316,1.0,seed,203
cron-parser,0.4627586370754275,3,0,0.0,0.0,43190,30899405,81,1.0,0.15,0.0,0.0,0.6856264569005639,0.5627700180478372,0.6145949479029368,1.0,dependency,393
fetch-blob,0.4627267063553778,1,0,0.0,0.0,59369,66663460,932,0.3333333333333333,0.05,0.0,0.0,0.706063904268619,0.6427423702673662,0.9537365673484026,1.0,dependency,368
@aws-sdk/util-user-agent-browser,0.4622411022535975,18,0,0.0,0.0,71285,170617138,15,0.5,0.9,0.0,0.0,0.7178135533512334,0.7404836471617724,0.38668654064111413,1.0,dependency,354
@aws-sdk/middleware-host-header,0.46206082835089757,18,0,0.0,0.0,71278,167695481,15,0.5,0.9,0.0,0.0,0.7178072452244731,0.7386872162615337,0.38668654064111413,1.0,dependency,355
@aws-sdk/middleware-logger,0.4620115933216683,18,0,0.0,0.0,69575,169415008,15,0.5,0.9,0.0,0.0,0.7162538612059837,0.7397482499877305,0.38668654064111413,1.0,dependency,360
@kurkle/color,0.4619102811339997,1,0,0.0,0.0,12102,16923107,190,1.0,0.05,0.0,0.0,0.6039055000690009,0.5001524410372978,0.7325224351168488,1.0,dependency,446
follow-redirects,0.46181592277078176,1,0,0.0,0.0,2023308,278051384,127,0.5,0.05,0.0,0.0,0.9327370625107932,0.7912785322123835,0.6767014461219497,1.0,dependency,125
d3-geo,0.46174448090736264,1,0,0.0,0.0,71380,29954702,632,0.5,0.05,0.0,0.0,0.7178991024483388,0.5595405650456236,0.8996322004194618,1.0,dependency,350
stack-trace,0.4606809229272873,1,0,0.0,0.0,643320,75666632,877,0.16666666666666666,0.05,0.0,0.0,0.8591313618329662,0.6559178898676614,0.9452627048355057,1.0,dependency,251
listr2,0.46031168504815545,1,0,0.0,0.0,188948,114217468,46,1.0,0.05,0.0,0.0,0.7804303215593232,0.6987441550527694,0.536971186934731,1.0,dependency,290
@aws-sdk/middleware-recursion-detection,0.4602090813526364,18,0,0.0,0.0,53899,166786851,15,0.5,0.9,0.0,0.0,0.6998548470567488,0.7381221444466458,0.38668654064111413,1.0,dependency,375
negotiator,0.4599198027386784,1,0,0.0,0.0,1792608,356465206,205,0.3333333333333333,0.05,0.0,0.0,0.9249603898646126,0.8171168339548942,0.7430665746231447,1.0,dependency,139
@aws-sdk/util-endpoints,0.4592167579532106,18,0,0.0,0.0,49322,160150622,15,0.5,0.9,0.0,0.0,0.6941544567571155,0.7338993007520219,0.38668654064111413,1.0,dependency,386
@babel/types,0.4590479154897933,6,2,0.00012567244375196363,0.10714285714285714,4673471,447665707,43,0.25,0.3,0.024096385542168676,0.1272727272727273,0.986514227115766,0.8408104704875023,0.5277721816193937,0.8928571428571429,seed,21
forever-agent,0.4587284077021978,1,0,0.0,0.0,6085,81563930,1266,0.3333333333333333,0.05,0.0,0.0,0.5597449795682915,0.6637235308427227,0.996413956144988,1.0,dependency,477
async,0.45864826295737143,1,0,0.0,0.0,926631,305301394,394,0.2,0.05,0.0,0.0,0.8825722603587375,0.8010024274787593,0.8338613782755162,1.0,dependency,225
@babel/helper-skip-transparent-expression-wrappers,0.45795515969567036,2,2,0.0002872513000044883,0.08333333333333333,2346435,144300697,43,0.25,0.1,0.024096385542168676,0.29090909090909095,0.9422546288117938,0.7230602597679942,0.5277721816193937,0.9166666666666666,dependency,98
acorn,0.4578993757350226,1,0,0.0,0.0,1121780,563030533,179,0.3333333333333333,0.05,0.0,0.0,0.8948490040268111,0.8646577205968564,0.7242496892027853,1.0,seed,184
@dabh/diagnostics,0.4569700706633917,1,0,0.0,0.0,82800,55470445,65,1.0,0.05,0.0,0.0,0.7274324145165627,0.6236253659742469,0.5843214630715534,1.0,dependency,340
tough-cookie,0.4569416753552199,1,0,0.0,0.0,1773813,263674975,112,0.5,0.05,0.0,0.0,0.9242833273209161,0.7857569807257252,0.659317852382408,1.0,dependency,142
google-auth-library,0.45572719189763977,2,0,0.0,0.0,165330,100898769,35,1.0,0.1,0.0,0.0,0.7718529074602014,0.685848804425329,0.49978510354543365,1.0,dependency,295
@types/luxon,0.4552379973515911,1,0,0.0,0.0,10060,31134131,124,1.0,0.05,0.0,0.0,0.5920353496836313,0.563557109888169,0.6733937569720551,1.0,dependency,449
@smithy/types,0.45513524913479414,18,0,0.0,0.0,19741,294256779,24,0.3333333333333333,0.9,0.0,0.0,0.6353363455317657,0.797170148865781,0.44892917131470333,1.0,dependency,413
glob-parent,0.45409520231237405,0,1,0.0,0.0,6788,653425988,897,0.2,0.0,0.012048192771084338,0.0,0.5667668940107351,0.8801437475817881,0.9484040017874735,1.0,seed,472
got,0.4535602963266201,1,12,0.0,0.0,1332017,114514987,13,1.0,0.05,0.14457831325301204,0.0,0.9058834754233037,0.6990147226881974,0.3680632259508434,1.0,dependency,162
d3-scale-chromatic,0.45263433078546933,1,0,0.0,0.0,54331,14765942,632,0.5,0.05,0.0,0.0,0.7003676442733329,0.4859705220016964,0.8996322004194618,1.0,dependency,374
crypto-js,0.4525326908967179,1,0,0.0,0.0,163892,42769135,52,1.0,0.05,0.0,0.0,0.7712917490831129,0.5965802870628054,0.5537274364106304,1.0,dependency,296
hasown,0.45154329165421614,1,0,0.0,0.0,257,358960500,634,0.5,0.05,0.0,0.0,0.3567055008867253,0.8178423510202634,0.900072161947216,1.0,dependency,525
compressible,0.45141071102522,1,0,0.0,0.0,3417401,105594259,205,0.3333333333333333,0.05,0.0,0.0,0.9664066532815313,0.6905796534033919,0.7430665746231447,1.0,dependency,67
emoji-regex,0.45059477161963446,0,0,0.0,0.0,4193583,986466276,53,0.5,0.0,0.0,0.0,0.9795543706122517,0.9229838348481644,0.5563343849975935,1.0,seed,52
tunnel-agent,0.45056082241837336,1,0,0.0,0.0,4021,110967923,1256,0.25,0.05,0.0,0.0,0.5331372560455921,0.6957422207813724,0.995308818122829,1.0,dependency,497
bluebird,0.4504602150493101,2,0,0.0,0.5,8603,146014823,307,1.0,0.1,0.0,0.0,0.5819861540202971,0.7242884516528875,0.7991637724099585,0.5,dependency,460
@smithy/protocol-http,0.44954027331847474,18,0,0.0,0.0,18142,181031807,24,0.3333333333333333,0.9,0.0,0.0,0.629910660911135,0.7466460753232175,0.44892917131470333,1.0,dependency,416
iconv-lite,0.44950481437918466,1,1,0.0,0.0,2198928,595626184,106,0.3333333333333333,0.05,0.012048192771084338,0.0,0.9380839025698233,0.8705111202210832,0.651708636954434,1.0,seed,105
compression,0.44947239527096183,1,7,0.0,0.0,3408251,107852327,140,0.3333333333333333,0.05,0.08433734939759036,0.0,0.9662344297960023,0.6927803121006987,0.6901921035471693,1.0,dependency,68
semver,0.4494156292780758,6,0,0.0,0.0,1325167,2068597158,58,0.16666666666666666,0.3,0.0,0.0,0.9055522795874108,1.0,0.5686847226460563,1.0,seed,164
on-headers,0.4484714997537258,2,0,0.0,0.0,3651378,128145301,141,0.3333333333333333,0.1,0.0,0.0,0.9706607035043912,0.7107111496618607,0.691177745025009,1.0,dependency,60
sharp,0.4481453330060632,1,3,0.0,0.0,178353,86530297,29,1.0,0.05,0.03614457831325301,0.0,0.776723409600985,0.6698710672862572,0.4743571374300685,1.0,dependency,292
d3-delaunay,0.4477735060748451,1,0,0.0,0.0,24641,23884427,979,0.3333333333333333,0.05,0.0,0.0,0.6495779441336103,0.5359873871757763,0.9605910375590384,1.0,dependency,404
ci-info,0.4474009631237369,1,0,0.0,0.0,3193954,366492812,61,0.5,0.05,0.0,0.0,0.9620629049884403,0.8200021987273942,0.5756018933903966,1.0,dependency,77
@smithy/fetch-http-handler,0.4469653117770303,18,0,0.0,0.0,14661,161203133,24,0.3333333333333333,0.9,0.0,0.0,0.6162265277288185,0.7345805930910901,0.44892917131470333,1.0,dependency,427
@babel/code-frame,0.44625898719986234,2,3,0.00019748526875308571,0.05,943567,305453121,43,0.25,0.1,0.03614457831325301,0.2,0.8837357163334443,0.8010541030020272,0.5277721816193937,0.95,dependency,221
@smithy/util-middleware,0.4460852549478467,18,0,0.0,0.0,14643,148236365,24,0.3333333333333333,0.9,0.0,0.0,0.6161476178631122,0.7258589346649599,0.44892917131470333,1.0,dependency,432
@octokit/rest,0.4460828875020951,1,4,0.0,0.0,169859,43080547,34,1.0,0.05,0.04819277108433735,0.0,0.7735889153418767,0.5973348356989036,0.4958561764479165,1.0,dependency,293
@smithy/util-retry,0.4460152917920795,18,0,0.0,0.0,14603,147491505,24,0.3333333333333333,0.9,0.0,0.0,0.6159719147817733,0.725335006188627,0.44892917131470333,1.0,dependency,434
@smithy/url-parser,0.44601238614025446,18,0,0.0,0.0,14646,147182798,24,0.3333333333333333,0.9,0.0,0.0,0.6161607762407805,0.7251170882113699,0.44892917131470333,1.0,dependency,431
@octokit/plugin-paginate-rest,0.44592247865291634,1,0,0.0,0.0,162625,64221734,35,1.0,0.05,0.0,0.0,0.7707932255931453,0.6388613538451511,0.49978510354543365,1.0,dependency,297
@smithy/node-config-provider,0.4458096361469434,18,0,0.0,0.0,14602,144609853,24,0.3333333333333333,0.9,0.0,0.0,0.6159675160412993,0.7232828484777396,0.44892917131470333,1.0,dependency,435
@smithy/node-http-handler,0.44573581298765036,18,0,0.0,0.0,14684,143091320,24,0.3333333333333333,0.9,0.0,0.0,0.6163272161434252,0.7221849167826832,0.44892917131470333,1.0,dependency,424
inflection,0.4456630177804394,1,0,0.0,0.0,260868,16180058,331,0.5,0.05,0.0,0.0,0.8011494045303083,0.49548251981311175,0.8096287563601164,1.0,dependency,282
dezalgo,0.4456371902889923,1,0,0.0,0.0,551330,55880667,593,0.16666666666666666,0.05,0.0,0.0,0.8492190478164774,0.6243916945793506,0.8907632962964301,1.0,dependency,261
@smithy/middleware-stack,0.44526587020851177,18,0,0.0,0.0,14660,136907989,24,0.3333333333333333,0.9,0.0,0.0,0.6162221463894936,0.7175905587452296,0.44892917131470333,1.0,dependency,429
@octokit/plugin-rest-endpoint-methods,0.4447026239923104,1,0,0.0,0.0,162409,57161220,35,1.0,0.05,0.0,0.0,0.7707078492321022,0.626748183600134,0.49978510354543365,1.0,dependency,298
@smithy/middleware-content-length,0.4445361449553756,18,0,0.0,0.0,14597,127971429,24,0.3333333333333333,0.9,0.0,0.0,0.6159455178196231,0.7105699347837382,0.44892917131470333,1.0,dependency,440
@octokit/core,0.44442348605092763,1,0,0.0,0.0,137082,61790402,35,1.0,0.05,0.0,0.0,0.7598172728585425,0.6348473805598664,0.49978510354543365,1.0,dependency,312
picomatch,0.44431873566676516,0,0,0.0,0.0,1888591,749798072,142,0.25,0.0,0.0,0.0,0.9283109585480989,0.8944523476812887,0.6921564696635761,1.0,seed,133
@smithy/config-resolver,0.4440596134798394,18,0,0.0,0.0,14597,122240372,24,0.3333333333333333,0.9,0.0,0.0,0.6159455178196231,0.7058046200283763,0.44892917131470333,1.0,dependency,438
@smithy/invalid-dependency,0.4437542499329395,18,0,0.0,0.0,14599,118693506,24,0.3333333333333333,0.9,0.0,0.0,0.6159543180123198,0.7027421843666799,0.44892917131470333,1.0,dependency,436
@smithy/hash-node,0.44365665635186785,18,0,0.0,0.0,14598,117589935,24,0.3333333333333333,0.9,0.0,0.0,0.6159499180666701,0.701770648501614,0.44892917131470333,1.0,dependency,437
morgan,0.4433415311833119,1,5,0.0,0.0,986048,31121096,141,0.5,0.05,0.060240963855421686,0.0,0.886564560882668,0.5635135563042698,0.691177745025009,1.0,dependency,216
agentkeepalive,0.44322945800900193,1,0,0.0,0.0,890672,64071964,341,0.25,0.05,0.0,0.0,0.8800298142110516,0.6386185204636909,0.8137675671520825,1.0,dependency,228
@smithy/middleware-serde,0.4411411952333214,18,0,0.0,0.0,14640,147108859,20,0.3333333333333333,0.9,0.0,0.0,0.6161344567895156,0.7250648264167043,0.42461250740300316,1.0,dependency,433
@types/sinonjs__fake-timers,0.440951423534401,1,0,0.0,0.0,101578,42964808,38,1.0,0.05,0.0,0.0,0.7405622455207377,0.597055039868916,0.5109484749771779,1.0,dependency,331
type-is,0.4409443850258219,3,0,0.0,0.16666666666666666,1827489,226974466,253,0.2,0.15,0.0,0.0,0.9261983230637647,0.7701685857756496,0.7722792114501428,0.8333333333333334,dependency,137
glob,0.4399927903032629,0,3,0.0,0.16666666666666666,2105034,1018538143,10,1.0,0.0,0.03614457831325301,0.0,0.9352807069098645,0.9263114618785042,0.3344289112988366,0.8333333333333334,seed,114
caseless,0.4393973186314628,1,0,0.0,0.0,8221,86242287,578,0.3333333333333333,0.05,0.0,0.0,0.579068912405791,0.6695243130092347,0.8871961532893075,1.0,dependency,467
serve-static,0.43908745478956196,1,4,0.0,0.3,4975561,166108478,252,0.3333333333333333,0.05,0.04819277108433735,0.0,0.9905377804076907,0.7376982574032118,0.7717290423396961,0.7,seed,12
helmet,0.438742545498773,1,0,0.0,0.0,128887,24015433,262,0.5,0.05,0.0,0.0,0.7558575257387362,0.5365563012764519,0.7771354436159005,1.0,dependency,319
@sendgrid/mail,0.4382981196247224,1,2,0.0,0.0,24095,10006789,77,1.0,0.05,0.024096385542168676,0.0,0.6481386206935248,0.44550596973661755,0.6076201101374564,1.0,dependency,405
lru-cache,0.43805731341981113,2,0,0.0,0.0,1198118,1081667393,4,1.0,0.1,0.0,0.0,0.8990780618727903,0.932565901010617,0.22446458565735167,1.0,seed,180
parse5,0.4375492000696594,1,0,0.0,0.0,3044435,263140788,148,0.2,0.05,0.0,0.0,0.9589831067781109,0.785546057991925,0.6978888253706859,1.0,dependency,78
type-fest,0.43747077032006343,1,1,1.795320625028052e-05,0.0,3278996,1014111247,3,1.0,0.05,0.012048192771084338,0.018181818181818184,0.9637509007744143,0.925858432650385,0.19334327032055706,1.0,seed,73
statuses,0.4373312842517627,4,0,0.0,0.3333333333333333,5106018,391070610,181,0.25,0.2,0.0,0.0,0.992200344036789,0.8267531520718936,0.725790784315583,0.6666666666666667,seed,7
farmhash-modern,0.43732621755379153,1,0,0.0,0.0,0,8508552,890,1.0,0.05,0.0,0.0,0.0,0.42863702004073534,0.9473125777485898,1.0,dependency,554
path-scurry,0.43691672685793315,1,2,0.0,0.16666666666666666,88759,303454090,27,1.0,0.05,0.024096385542168676,0.0,0.7318966269147651,0.8003712005668204,0.46473486111112194,0.8333333333333334,dependency,336
@sendgrid/client,0.43635722728839244,1,0,0.0,0.0,22647,10876559,77,1.0,0.05,0.0,0.0,0.6441575769377004,0.45417447567131114,0.6076201101374564,1.0,dependency,407
bcryptjs,0.43620078533172935,1,0,0.0,0.0,301987,21730229,32,1.0,0.05,0.0,0.0,0.810551705529017,0.5261564919657259,0.4876498279112749,1.0,dependency,274
systeminformation,0.4303428345566901,1,0,0.0,0.0,15997,13995388,61,1.0,0.05,0.0,0.0,0.6218282902892417,0.4803962684968655,0.5756018933903966,1.0,dependency,422
fs-extra,0.4302654192304797,1,0,0.0,0.0,3606808,509856697,52,0.3333333333333333,0.05,0.0,0.0,0.9698717795012749,0.8543398856612735,0.5537274364106304,1.0,dependency,61
winston-transport,0.4300627230348552,1,0,0.0,0.0,135581,65839170,390,0.2,0.05,0.0,0.0,0.75911002608517,0.6414483239553812,0.8324418475614077,1.0,dependency,314
sax,0.4294345482573375,2,0,0.0,0.5,4312111,196437052,30,1.0,0.1,0.0,0.0,0.9813447888928739,0.7551401772202645,0.47893025823011803,0.5,seed,39
logform,0.42674223728379107,1,0,0.0,0.0,137657,65693501,390,0.16666666666666666,0.05,0.0,0.0,0.7600861539695509,0.64121795584431,0.8324418475614077,1.0,dependency,311
ms,0.4256879745670468,4,0,0.0,0.08333333333333333,2318159,1277217112,87,0.01818181818181818,0.2,0.0,0.0,0.941475831315118,0.9498496141293389,0.6244438167796723,0.9166666666666666,seed,101
cheerio,0.4254811850591428,1,11,0.0,0.0,557077,55778270,52,0.5,0.05,0.13253012048192772,0.0,0.8498851798751497,0.6242009366723481,0.5537274364106304,1.0,dependency,260
get-east-asian-width,0.42498956179050473,2,0,0.0,0.0,39,84363322,86,1.0,0.1,0.0,0.0,0.23696257342903662,0.6672332784980551,0.6228498829889778,1.0,dependency,531
formidable,0.42421061649839026,1,3,0.0,0.0,525124,63205066,206,0.2,0.05,0.03614457831325301,0.0,0.8460907682153465,0.6372017047386449,0.743741964265736,1.0,dependency,263
encoding-sniffer,0.42384842167169356,1,0,0.0,0.0,27,21683792,179,1.0,0.05,0.0,0.0,0.2140508427409758,0.5259339955703888,0.7242496892027853,1.0,dependency,533
minimist,0.4235284519379565,1,0,0.0,0.0,2004702,383420314,52,0.3333333333333333,0.05,0.0,0.0,0.9321436172860639,0.8246983749512524,0.5537274364106304,1.0,dependency,127
aws-sdk,0.4230695868651382,1,10,0.0,0.03636363636363636,181897,40126569,252,0.2,0.05,0.12048192771084337,0.0,0.7779873209486896,0.5899469864909073,0.7717290423396961,0.9636363636363636,dependency,291
p-queue,0.4228250934462957,1,0,0.0,0.0,125243,52554354,17,1.0,0.05,0.0,0.0,0.7540152099624218,0.6180087877302247,0.4031134683851551,1.0,dependency,321
path-to-regexp,0.42277100192849154,0,0,0.0,0.0,4298330,395979823,93,0.16666666666666666,0.0,0.0,0.0,0.9811391662687412,0.8280506409249203,0.6336428220950096,1.0,seed,40
basic-auth,0.4224221175054724,1,0,0.0,0.0,788900,36376164,205,0.25,0.05,0.0,0.0,0.8722355194493213,0.5797413952480024,0.7430665746231447,1.0,dependency,233
router,0.42188054123254376,1,0,0.0,0.0,40231,54711084,253,0.3333333333333333,0.05,0.0,0.0,0.6810675924365532,0.6221917426676108,0.7722792114501428,1.0,dependency,394
human-interval,0.42094221973507706,1,0,0.0,0.0,1805,894602,1265,0.5,0.05,0.0,0.0,0.48170494375753736,0.19436884169301116,0.9963038355797403,1.0,dependency,507
@jest/types,0.4206839380710143,1,0,0.0,0.0,2802343,431360755,68,0.2,0.05,0.0,0.0,0.9536604635901313,0.8369516366282302,0.5905210476532978,1.0,dependency,82
source-map,0.4193213787342237,0,0,0.0,0.0,1103771,903956053,129,0.045454545454545456,0.0,0.0,0.0,0.8938093797171812,0.9138990714825386,0.6788637791823697,1.0,seed,187
eslint-visitor-keys,0.4181966486981956,0,0,0.0,0.0,1431349,603771380,25,0.5,0.0,0.0,0.0,0.9105035916711396,0.8719237675200394,0.4543991935250181,1.0,seed,160
luxon,0.4180403111676466,1,0,0.0,0.0,78053,74811403,91,0.5,0.05,0.0,0.0,0.7236399102317256,0.6547356579811671,0.6306434013614165,1.0,dependency,342
@babel/runtime,0.41742534722073577,2,0,0.0,0.0,4021755,319502466,43,0.25,0.1,0.0,0.0,0.9768668795802319,0.8057311182772268,0.5277721816193937,1.0,dependency,57
kareem,0.4174175134243261,1,0,0.0,0.0,665116,12987152,16,1.0,0.05,0.0,0.0,0.861271683835945,0.47262001736621884,0.3951417165205483,1.0,dependency,248
pg-connection-string,0.41707701937454134,1,0,0.0,0.0,295107,65806000,170,0.25,0.05,0.0,0.0,0.8090713065146347,0.6413959121360592,0.7170959319918041,1.0,dependency,277
@types/validator,0.4168300314836515,1,0,0.0,0.0,88394,36621835,17,1.0,0.05,0.0,0.0,0.731631926053426,0.5804414520127784,0.4031134683851551,1.0,dependency,337
dotenv,0.4167702845705311,1,0,0.0,0.0,1228719,326725093,66,0.25,0.05,0.0,0.0,0.9006981288212771,0.808056083633636,0.5864187610696431,1.0,dependency,179
@aws-sdk/middleware-user-agent,0.41562902312302474,18,0,0.0,0.0,71275,171966748,2,0.5,0.9,0.0,0.0,0.7178045415519329,0.7413031157126974,0.1532209166124383,1.0,dependency,356
@aws-sdk/util-user-agent-node,0.4155522134291796,18,0,0.0,0.0,71337,170609787,2,0.5,0.9,0.0,0.0,0.7178603943385203,0.7404791659876582,0.1532209166124383,1.0,dependency,353
@aws-sdk/credential-provider-node,0.41529264620936646,18,0,0.0,0.0,71358,166374336,2,0.5,0.9,0.0,0.0,0.7178793012131708,0.7378645869148764,0.1532209166124383,1.0,dependency,352
browserslist,0.4151529529749479,1,0,0.0,0.0,4076082,357295797,2,1.0,0.05,0.0,0.0,0.977728802424016,0.8173588941005867,0.1532209166124383,1.0,dependency,54
process,0.4140382156197391,2,0,0.0,0.0,951523,150832314,52,0.3333333333333333,0.1,0.0,0.0,0.8842750807824385,0.7276645482727033,0.5537274364106304,1.0,dependency,220
request,0.41398200844167254,1,20,0.0,0.002380952380952381,847768,59439287,52,0.25,0.05,0.24096385542168675,0.0,0.8768584869208904,0.6308127105227284,0.5537274364106304,0.9976190476190476,dependency,229
@babel/helper-compilation-targets,0.41307069129770113,1,5,0.0,0.0,2425898,260298306,43,0.25,0.05,0.060240963855421686,0.0,0.9443940163690203,0.7844164584026708,0.5277721816193937,1.0,dependency,94
parse5-htmlparser2-tree-adapter,0.41280977014030534,1,0,0.0,0.0,650835,63238960,148,0.2,0.05,0.0,0.0,0.8598774019654021,0.6372574635110938,0.6978888253706859,1.0,dependency,249
jest,0.41261507347845916,1,4,0.0,0.0,2134838,147792241,68,0.2,0.05,0.04819277108433735,0.0,0.9361838239725488,0.7255468592359237,0.5905210476532978,1.0,dependency,110
@isaacs/brace-expansion,0.41221463198809016,1,1,0.0,0.0,0,52482870,175,1.0,0.05,0.012048192771084338,0.0,0.0,0.6178672232299164,0.7211154519399506,1.0,dependency,551
@babel/helper-validator-identifier,0.41154653507749694,3,0,0.0,0.0,579219,371526317,43,0.25,0.15,0.0,0.0,0.8523889524111615,0.8214209240139088,0.5277721816193937,1.0,dependency,258
@isaacs/balanced-match,0.4111392810579676,1,0,0.0,0.0,0,53140268,175,1.0,0.05,0.0,0.0,0.0,0.6191619066997747,0.7211154519399506,1.0,dependency,556
@babel/helper-module-imports,0.41064342249775276,1,0,0.0,0.0,3498086,293417520,43,0.25,0.05,0.0,0.0,0.967905664577974,0.7968730860496547,0.5277721816193937,1.0,dependency,64
sequelize-pool,0.41049656340798346,1,0,0.0,0.0,141401,8514522,252,0.3333333333333333,0.05,0.0,0.0,0.7618099250882017,0.4287099699912529,0.7717290423396961,1.0,dependency,308
googleapis-common,0.4104898893467198,1,0,0.0,0.0,25649,22149763,22,1.0,0.05,0.0,0.0,0.6521532871386331,0.5281453442468456,0.43730013104085946,1.0,dependency,403
multer,0.40875583578933866,1,7,0.0,0.0,323227,33367495,141,0.2,0.05,0.08433734939759036,0.0,0.8149179382246259,0.5707623950359668,0.691177745025009,1.0,dependency,272
color-name,0.4080279858448718,1,0,0.0,0.0,1252925,966612628,23,0.3333333333333333,0.05,0.0,0.0,0.9019513053774586,0.9208692545637239,0.4432358220932739,1.0,seed,173
@jridgewell/remapping,0.40781182264945104,1,0,0.0,0.0,0,118046572,115,1.0,0.05,0.0,0.0,0.0,0.7021737531003172,0.6629722366970965,1.0,dependency,550
@babel/compat-data,0.4077868795358218,1,0,0.0,0.0,2427088,279416211,43,0.25,0.05,0.0,0.0,0.9444255194509374,0.791787801557382,0.5277721816193937,1.0,dependency,93
@jest/core,0.40777264661667795,1,0,0.0,0.0,2595866,130688603,68,0.2,0.05,0.0,0.0,0.9487440428678595,0.7127551428071388,0.5905210476532978,1.0,dependency,87
@babel/helper-validator-option,0.40771135160009453,1,0,0.0,0.0,2596458,266074917,43,0.25,0.05,0.0,0.0,0.9487586907570736,0.7866993508939726,0.5277721816193937,1.0,dependency,86
jest-cli,0.40725172931482617,1,0,0.0,0.0,2060983,143343187,68,0.2,0.05,0.0,0.0,0.9339221870182539,0.7223678256382258,0.5905210476532978,1.0,dependency,121
@babel/helper-annotate-as-pure,0.4070182263548888,1,1,0.0,0.0,3198809,194890549,43,0.25,0.05,0.012048192771084338,0.0,0.9621604748901841,0.754318121537722,0.5277721816193937,1.0,dependency,76
@babel/helper-member-expression-to-functions,0.4044954796286362,1,0,0.0,0.0,3285157,168893893,43,0.25,0.05,0.0,0.0,0.9638714842503345,0.739427837686129,0.5277721816193937,1.0,dependency,72
nodemailer,0.40422005496556346,1,0,0.0,0.0,214737,30459655,9,1.0,0.05,0.0,0.0,0.7886489032870282,0.5612792047333451,0.32113622081763027,1.0,dependency,287
@babel/helper-optimise-call-expression,0.4034860808317752,1,0,0.0,0.0,3288913,153164577,43,0.25,0.05,0.0,0.0,0.9639448860088256,0.7292604479590272,0.5277721816193937,1.0,dependency,71
url,0.4028361625781738,1,0,0.0,0.0,895914,86232351,52,0.3333333333333333,0.05,0.0,0.0,0.8804067688914868,0.669512329748002,0.5537274364106304,1.0,dependency,227
commander,0.40191813136687105,1,0,0.0,0.0,1082389,969616053,26,0.25,0.05,0.0,0.0,0.8925527853090385,0.921191917573931,0.4596627498373149,1.0,seed,198
@babel/plugin-transform-modules-commonjs,0.40189317220114273,0,2,0.0,0.0,4291106,143041566,43,0.25,0.0,0.024096385542168676,0.0,0.9810311153708162,0.7221487467485436,0.5277721816193937,1.0,seed,41
@babel/template,0.40185344989753935,2,3,0.0,0.2,4582774,318729236,43,0.25,0.1,0.03614457831325301,0.0,0.9852553388767737,0.8054791074354685,0.5277721816193937,0.8,seed,25
@babel/plugin-transform-destructuring,0.4016273502719757,0,2,0.0,0.0,4270320,139850779,43,0.25,0.0,0.024096385542168676,0.0,0.9807191970692435,0.7198024457584461,0.5277721816193937,1.0,seed,43
magic-string,0.4013367334635015,1,0,0.0,0.0,972985,281110556,42,0.25,0.05,0.0,0.0,0.8857078733269232,0.7924165768977011,0.5245658866496394,1.0,dependency,218
@babel/plugin-transform-spread,0.40079866734529535,0,2,0.0,0.0,4263601,129265980,43,0.25,0.0,0.024096385542168676,0.0,0.9806180458083806,0.7116167677525053,0.5277721816193937,1.0,seed,49
range-parser,0.4005264397335401,2,0,0.0,0.5,1777583,203082384,205,0.25,0.1,0.0,0.0,0.9244197094472955,0.7586004275307039,0.7430665746231447,0.5,dependency,141
@babel/plugin-transform-for-of,0.40028051995887504,0,2,0.0,0.0,4267128,122921074,43,0.25,0.0,0.024096385542168676,0.0,0.980671162929245,0.7063821767674381,0.5277721816193937,1.0,seed,44
@babel/plugin-transform-block-scoping,0.40025434547805017,0,1,0.0,0.0,4264524,137722957,43,0.25,0.0,0.012048192771084338,0.0,0.980631950563134,0.7182078370963848,0.5277721816193937,1.0,seed,46
@babel/helper-string-parser,0.40025330612529353,1,0,0.0,0.0,733858,283475594,43,0.25,0.05,0.0,0.0,0.8675896469700408,0.7932879399329953,0.5277721816193937,1.0,dependency,235
@babel/plugin-transform-computed-properties,0.4001924549651239,0,2,0.0,0.0,4263199,121954025,43,0.25,0.0,0.024096385542168676,0.0,0.9806119888419758,0.7055607009171959,0.5277721816193937,1.0,seed,50
@babel/plugin-transform-parameters,0.40014448169534167,0,1,0.0,0.0,4270525,136157512,43,0.25,0.0,0.012048192771084338,0.0,0.9807222807414677,0.7170188690909659,0.5277721816193937,1.0,seed,42
@babel/plugin-transform-template-literals,0.399608171609511,0,1,0.0,0.0,4263671,129442813,43,0.25,0.0,0.012048192771084338,0.0,0.9806191004456433,0.7117589485284848,0.5277721816193937,1.0,seed,48
axios,0.3995270529133975,3,3,3.590641250056104e-05,0.1,453457,319597392,30,0.25,0.15,0.03614457831325301,0.03636363636363637,0.8366650360388476,0.8057620144832542,0.47893025823011803,0.9,dependency,267
@babel/helper-replace-supers,0.3994650477356312,1,3,0.0,0.08333333333333333,3331023,162511969,43,0.25,0.05,0.03614457831325301,0.0,0.9647621313754469,0.7354216266510463,0.5277721816193937,0.9166666666666666,dependency,70
@babel/plugin-transform-classes,0.39914825745982074,0,6,0.0,0.06666666666666667,4263709,131735450,43,0.25,0.0,0.07228915662650602,0.0,0.9806196729557634,0.7135849373327068,0.5277721816193937,0.9333333333333333,seed,47
@babel/plugin-transform-arrow-functions,0.39904703610427394,0,1,0.0,0.0,4264832,122623519,43,0.25,0.0,0.012048192771084338,0.0,0.9806365898332895,0.706130104088467,0.5277721816193937,1.0,seed,45
globals,0.39838496633778797,0,0,0.0,0.0,1094003,552998421,34,0.25,0.0,0.0,0.0,0.8932383741087944,0.8627878252621413,0.4958561764479165,1.0,seed,190
amqplib,0.39746139022339466,1,2,0.0,0.0,49604,8230986,101,0.5,0.05,0.024096385542168676,0.0,0.694520680372171,0.4251875589923359,0.645034268293265,1.0,dependency,385
undici,0.3966512014060313,1,0,0.0,0.0,98048,112506668,63,0.3333333333333333,0.05,0.0,0.0,0.7382902168296186,0.697174520986364,0.5800298109616712,1.0,dependency,333
readdirp,0.3945388543005497,0,0,0.0,0.0,4905460,376301036,9,0.5,0.0,0.0,0.0,0.9896263051598649,0.8227490554696301,0.32113622081763027,1.0,seed,17
@smithy/util-waiter,0.3942056118683332,10,0,0.0,0.0,5919,82763158,24,0.3333333333333333,0.5,0.0,0.0,0.5579685306829973,0.6652415910499403,0.44892917131470333,1.0,dependency,481
@smithy/util-endpoints,0.39185785031888415,18,0,0.0,0.0,4,111615099,24,0.3333333333333333,0.9,0.0,0.0,0.10338547362379101,0.6963470326146561,0.44892917131470333,1.0,dependency,538
winston,0.39176959633478114,1,11,0.0,0.0,285703,71988818,65,0.125,0.05,0.13253012048192772,0.0,0.806990985843647,0.6507356345828327,0.5843214630715534,1.0,dependency,280
csv-parser,0.38928985311883146,1,0,0.0,0.0,9510,7698408,309,0.25,0.05,0.0,0.0,0.588424103214113,0.41823035876759324,0.8000664790477483,1.0,dependency,454
lodash,0.3892695116884899,6,0,0.0,0.16666666666666666,1936033,350430732,11,0.3333333333333333,0.3,0.0,0.0,0.9299046769310441,0.8153410784335428,0.3465641869329954,0.8333333333333334,dependency,130
@aws-sdk/region-config-resolver,0.38792634644446256,18,0,0.0,0.0,0,133732309,15,0.5,0.9,0.0,0.0,0.0,0.7151496424216569,0.38668654064111413,1.0,dependency,546
moment-timezone,0.38555834461294275,3,1,0.0,0.3333333333333333,318273,51120906,194,0.14285714285714285,0.15,0.012048192771084338,0.0,0.8139257777747142,0.6151325606637752,0.7354130606345296,0.6666666666666667,dependency,273
content-disposition,0.38427568488723074,1,0,0.0,0.0,4222637,227525804,17,0.25,0.05,0.0,0.0,0.9799978830102092,0.7704209179806766,0.4031134683851551,1.0,dependency,51
@babel/parser,0.3839136133137019,3,1,0.0,0.4166666666666667,3782849,400249874,43,0.25,0.15,0.012048192771084338,0.0,0.9729329456022361,0.8291661870804669,0.5277721816193937,0.5833333333333333,dependency,58
mime-types,0.3816582694518621,3,1,0.0,0.08333333333333333,2092391,463456129,15,0.2,0.15,0.012048192771084338,0.0,0.9348937313035425,0.8444158373099138,0.38668654064111413,0.9166666666666666,dependency,117
http-errors,0.38108573604121754,3,5,0.0,0.08928571428571429,1084122,319604855,14,0.25,0.15,0.060240963855421686,0.0,0.8926555520646384,0.8057644431271376,0.37768550226979,0.9107142857142857,dependency,197
tagged-tag,0.37814602313112977,1,0,0.0,0.0,0,1422856,207,1.0,0.05,0.0,0.0,0.0,0.24263203329959,0.7444140990058536,1.0,dependency,560
@aws-crypto/sha1-browser,0.37806807542162635,1,0,0.0,0.0,4980,44770859,196,0.125,0.05,0.0,0.0,0.5468744287062702,0.6013376038872489,0.736836212663224,1.0,dependency,489
cacheable-request,0.37651345873470293,1,0,0.0,0.0,1073088,96155059,18,0.3333333333333333,0.05,0.0,0.0,0.8919984100582385,0.6808403254339477,0.41065409876692743,1.0,dependency,205
@smithy/smithy-client,0.3760920136421688,18,0,0.0,0.0,14665,154770340,1,0.3333333333333333,0.9,0.0,0.0,0.6162440500984003,0.7303451616817431,0.09667163516027853,1.0,dependency,426
execa,0.37576710892061493,1,0,0.0,0.0,932013,420102007,5,0.5,0.05,0.0,0.0,0.8829442779836139,0.8342009669363615,0.24989255177271683,1.0,dependency,223
cookie,0.3753104548784539,1,0,0.0,0.0,2444047,382176462,8,0.3333333333333333,0.05,0.0,0.0,0.9448728071353544,0.824360420878443,0.3064418332248766,1.0,dependency,91
unicorn-magic,0.37480229025610456,1,0,0.0,0.0,16,84013205,20,1.0,0.05,0.0,0.0,0.18199714396530983,0.6668007437897286,0.42461250740300316,1.0,dependency,534
@img/colour,0.3747987007232868,1,0,0.0,0.0,0,10680979,86,1.0,0.05,0.0,0.0,0.0,0.45228724125491276,0.6228498829889778,1.0,dependency,557
@smithy/middleware-retry,0.3745680895995557,18,0,0.0,0.0,14597,134060350,1,0.3333333333333333,0.9,0.0,0.0,0.6159455178196231,0.7154044535343884,0.09667163516027853,1.0,dependency,441
@smithy/util-defaults-mode-node,0.3744691580428945,18,0,0.0,0.0,14597,132791201,1,0.3333333333333333,0.9,0.0,0.0,0.6159455178196231,0.7144151379677766,0.09667163516027853,1.0,dependency,442
@smithy/util-defaults-mode-browser,0.37432641407303135,18,0,0.0,0.0,14597,130981147,1,0.3333333333333333,0.9,0.0,0.0,0.6159455178196231,0.7129876982691453,0.09667163516027853,1.0,dependency,444
fast-uri,0.37266467190315566,1,0,0.0,0.0,8302,154382362,102,0.09090909090909091,0.05,0.0,0.0,0.5796986539122817,0.7300841121194682,0.6463949394628662,1.0,dependency,466
@slack/logger,0.37243009000423777,1,0,0.0,0.0,5694,16751582,254,0.09090909090909091,0.05,0.0,0.0,0.5554794846628673,0.4990929037247594,0.7728272187903382,1.0,dependency,484
form-data,0.3722776745094367,3,0,0.0,0.16666666666666666,1722210,463892837,18,0.16666666666666666,0.15,0.0,0.0,0.9223868517450101,0.8445137945809346,0.41065409876692743,0.8333333333333334,dependency,147
@aws-sdk/client-s3,0.37185729074472496,1,55,0.0,0.0,9695,53097486,2,0.5,0.05,0.6626506024096386,0.0,0.5896615909761995,0.6190781400957935,0.1532209166124383,1.0,dependency,453
@smithy/middleware-endpoint,0.3714768438711515,18,0,0.0,0.0,7810,146541189,1,0.3333333333333333,0.9,0.0,0.0,0.5757748071182504,0.7246627069517192,0.09667163516027853,1.0,dependency,468
@smithy/util-stream,0.37101517194304623,3,0,0.0,0.0,14655,147166382,24,0.3333333333333333,0.15,0.0,0.0,0.6162002352092529,0.7251054872708147,0.44892917131470333,1.0,dependency,430
mquery,0.36904955598504763,1,0,0.0,0.0,667130,14221336,17,0.5,0.05,0.0,0.0,0.8614659020740228,0.48206198026540203,0.4031134683851551,1.0,dependency,247
chart.js,0.36820635452681777,1,1,0.0,0.0,192834,24925159,53,0.2,0.05,0.012048192771084338,0.0,0.7817380433514352,0.5404233539652856,0.5563343849975935,1.0,dependency,289
raw-body,0.36780492107761886,1,0,0.0,0.0,2366092,250172517,10,0.25,0.05,0.0,0.0,0.942790525422694,0.7802897516447097,0.3344289112988366,1.0,dependency,96
leaflet,0.3669598829953445,1,0,0.0,0.0,50451,8032527,111,0.2,0.05,0.0,0.0,0.6956082613346297,0.4226491205702716,0.6580781314316789,1.0,dependency,382
cypress,0.3658935475538041,1,42,0.0,0.0011074197120708748,126733,27876237,2,0.5,0.05,0.5060240963855421,0.0,0.7547749132322562,0.552061311666696,0.1532209166124383,0.9988925802879292,dependency,320
pdfkit,0.36535460311980517,1,5,0.0,0.0,23418,5584219,96,0.25,0.05,0.060240963855421686,0.0,0.6463079820907992,0.3848372414016174,0.638024366369551,1.0,dependency,406
express,0.3622606539682256,1,28,0.0,0.03571428571428571,1853938,230958510,3,0.2,0.05,0.3373493975903614,0.0,0.9271213525816757,0.7719783493982051,0.19334327032055706,0.9642857142857143,dependency,135
undici-types,0.3621146720659143,1,0,0.0,0.0,0,422147769,86,0.5,0.05,0.0,0.0,0.0,0.8347062139404463,0.6228498829889778,1.0,dependency,553
@fastify/busboy,0.3614922651448805,1,0,0.0,0.0,7796,56874831,110,0.06666666666666667,0.05,0.0,0.0,0.5756595689926705,0.6262257828887409,0.6568272917590052,1.0,dependency,469
body-parser,0.36078729415795785,2,9,0.0,0.06363636363636363,1711280,229194383,4,0.3333333333333333,0.1,0.10843373493975904,0.0,0.9219778728671836,0.7711808717733085,0.22446458565735167,0.9363636363636364,dependency,149
devalue,0.3596092847903738,1,0,0.0,0.0,52279,12784697,23,0.5,0.05,0.0,0.0,0.697894552720941,0.47098591025550834,0.4432358220932739,1.0,dependency,379
@aws-sdk/middleware-bucket-endpoint,0.3574958472859644,2,0,0.0,0.0,9148,56161582,15,0.5,0.1,0.0,0.0,0.5859314221627165,0.6249132286739583,0.38668654064111413,1.0,dependency,457
firebase-admin,0.3547856606596915,1,11,0.0,0.015151515151515152,75312,13199783,29,0.25,0.05,0.13253012048192772,0.0,0.7213435572329036,0.47430905806235074,0.4743571374300685,0.9848484848484849,dependency,345
moment,0.35299312263598126,3,0,0.0,0.5,1006179,114971330,52,0.2,0.15,0.0,0.0,0.8878628044012357,0.6994283639521308,0.5537274364106304,0.5,dependency,214
validator,0.3529339729485387,3,0,0.0,0.3333333333333333,493728,72656958,24,0.3333333333333333,0.15,0.0,0.0,0.8421305859402219,0.6516964799281031,0.44892917131470333,0.6666666666666667,dependency,265
chromium-bidi,0.35289423478672866,1,0,0.0,0.0,5493,34037203,21,0.5,0.05,0.0,0.0,0.5531713199530696,0.5728291942552461,0.43110054645911516,1.0,dependency,486
finalhandler,0.3526064262806161,1,6,0.0,0.14285714285714285,4946523,265702402,4,0.3333333333333333,0.05,0.07228915662650602,0.0,0.9901617869885826,0.7865536364125236,0.22446458565735167,0.8571428571428572,seed,16
@aws-sdk/middleware-ssec,0.3524935917197729,1,0,0.0,0.0,9146,56156986,15,0.5,0.05,0.0,0.0,0.5859173782172105,0.624904716957549,0.38668654064111413,1.0,dependency,458
@aws-sdk/middleware-expect-continue,0.3522941131510682,1,0,0.0,0.0,9171,54997395,15,0.5,0.05,0.0,0.0,0.586092707237264,0.6227346022504491,0.38668654064111413,1.0,dependency,455
node-schedule,0.351358510904836,1,3,0.0,0.0,32836,12277992,52,0.2,0.05,0.03614457831325301,0.0,0.6680206215041498,0.46677985122451077,0.5537274364106304,1.0,dependency,397
@aws-sdk/middleware-location-constraint,0.3512599475478355,1,0,0.0,0.0,9146,49875923,15,0.5,0.05,0.0,0.0,0.5859173782172105,0.6125682752381757,0.38668654064111413,1.0,dependency,459
@aws-sdk/core,0.35112881382790473,18,0,0.0,0.0,2,175695202,2,0.5,0.9,0.0,0.0,0.0705715647154672,0.7435339995979627,0.1532209166124383,1.0,dependency,539
sequelize,0.3507719846558017,1,16,0.0,0.022058823529411766,193226,9353328,30,0.125,0.05,0.1927710843373494,0.0,0.7818684934615071,0.43848227953204033,0.47893025823011803,0.9779411764705882,dependency,288
agenda,0.34926074047412053,1,6,0.0,0.023809523809523808,1375,557255,427,0.1111111111111111,0.05,0.07228915662650602,0.0,0.46423673591158565,0.14513701570133825,0.8450519072749911,0.9761904761904762,dependency,509
@azure/abort-controller,0.3487371479836284,1,0,0.0,0.0,18613,68927449,10,0.5,0.05,0.0,0.0,0.6315570023517874,0.6462159141460826,0.3344289112988366,1.0,dependency,414
which,0.3477851368225476,0,1,0.0,0.0,4804,605066778,24,0.16666666666666666,0.0,0.012048192771084338,0.0,0.5445635902953425,0.8721466746284074,0.44892917131470333,1.0,seed,490
three,0.3474536899978192,1,0,0.0,0.0,51503,10110544,16,0.5,0.05,0.0,0.0,0.6969339259189724,0.4465788002773826,0.3951417165205483,1.0,dependency,381
twilio,0.34674739545537936,1,7,0.0,0.05357142857142857,21616,9409183,2,1.0,0.05,0.08433734939759036,0.0,0.6411646780880027,0.4391015224147521,0.1532209166124383,0.9464285714285714,dependency,412
googleapis,0.34516106728149754,1,2,0.0,0.0,40184,17422720,1,1.0,0.05,0.024096385542168676,0.0,0.6809925053368425,0.5031785116154067,0.09667163516027853,1.0,dependency,395
@smithy/eventstream-serde-config-resolver,0.34430109686023036,2,0,0.0,0.0,1895,64515524,24,0.3333333333333333,0.1,0.0,0.0,0.4848289145705924,0.6393360570813166,0.44892917131470333,1.0,dependency,506
@smithy/eventstream-serde-browser,0.344213671390775,2,0,0.0,0.0,1895,63975492,24,0.3333333333333333,0.1,0.0,0.0,0.4848289145705924,0.6384618023867633,0.44892917131470333,1.0,dependency,504
@redis/client,0.3440528101583056,1,0,0.0,0.0,8575,22060883,16,0.5,0.05,0.0,0.0,0.5817767666193396,0.5277271611818782,0.3951417165205483,1.0,dependency,461
@smithy/eventstream-serde-node,0.3438974945216732,2,0,0.0,0.0,1895,62059911,24,0.3333333333333333,0.1,0.0,0.0,0.4848289145705924,0.6353000336957447,0.44892917131470333,1.0,dependency,505
@paralleldrive/cuid2,0.34345623029099026,1,0,0.0,0.0,97,35566418,38,0.5,0.05,0.0,0.0,0.294524585676706,0.5774000265381002,0.5109484749771779,1.0,dependency,529
@redis/search,0.3431761016606012,1,0,0.0,0.0,8466,20438336,16,0.5,0.05,0.0,0.0,0.5809550886077006,0.519781754216474,0.3951417165205483,1.0,dependency,463
@redis/time-series,0.3431619916840981,1,0,0.0,0.0,8463,20415095,16,0.5,0.05,0.0,0.0,0.5809323243266207,0.5196634187325225,0.3951417165205483,1.0,dependency,465
@smithy/md5-js,0.34297599252794786,3,0,0.0,0.0,920,54855970,24,0.3333333333333333,0.15,0.0,0.0,0.4384471206356065,0.6224668076934777,0.44892917131470333,1.0,dependency,512
@redis/json,0.3428215802470367,1,0,0.0,0.0,8468,19750521,16,0.5,0.05,0.0,0.0,0.5809702603145469,0.5162213683739828,0.3951417165205483,1.0,dependency,462
@redis/bloom,0.34197649733691105,1,0,0.0,0.0,8464,18214508,16,0.5,0.05,0.0,0.0,0.5809399133167044,0.5078008862705683,0.3951417165205483,1.0,dependency,464
highcharts,0.3415453315194442,1,0,0.0,0.0,16723,7438659,88,0.09090909090909091,0.05,0.0,0.0,0.6246791992380174,0.41466056261514533,0.6260197396336024,1.0,dependency,421
keyv,0.34113887280068966,1,0,0.0,0.0,1079901,261510685,1,0.5,0.05,0.0,0.0,0.8924049590740292,0.7848997578715692,0.09667163516027853,1.0,dependency,201
redis,0.34106006972828024,1,5,0.0,0.0,154264,29369451,16,0.2,0.05,0.060240963855421686,0.0,0.7674027203893312,0.5574883948117674,0.3951417165205483,1.0,dependency,303
parse5-parser-stream,0.337750796248987,1,0,0.0,0.0,31,21267252,148,0.2,0.05,0.0,0.0,0.22262849967540937,0.5239166268879035,0.6978888253706859,1.0,dependency,532
@azure/logger,0.33760053528424183,1,0,0.0,0.0,17084,32163792,9,0.5,0.05,0.0,0.0,0.6260510493783346,0.5669411210880821,0.32113622081763027,1.0,dependency,420
@azure/core-paging,0.3363962608138076,1,0,0.0,0.0,14660,24384359,10,0.5,0.05,0.0,0.0,0.6162221463894936,0.5381418984101678,0.3344289112988366,1.0,dependency,428
@smithy/hash-stream-node,0.33584533937617933,2,0,0.0,0.0,835,47449132,24,0.3333333333333333,0.1,0.0,0.0,0.43222695987711024,0.607380436934288,0.44892917131470333,1.0,dependency,515
byte-counter,0.33577668629955926,1,0,0.0,0.0,0,2311866,37,1.0,0.05,0.0,0.0,0.0,0.2931153951411798,0.507325733927206,1.0,dependency,547
@smithy/hash-blob-browser,0.3356628093722197,2,0,0.0,0.0,855,45947824,24,0.3333333333333333,0.1,0.0,0.0,0.4337456359640038,0.6040364608077983,0.44892917131470333,1.0,dependency,514
@aws-sdk/client-dynamodb,0.33502403042709794,1,42,0.0,0.0,2498,16022696,2,0.5,0.05,0.5060240963855421,0.0,0.5025675944224011,0.4944660394974191,0.1532209166124383,1.0,dependency,500
@azure/core-auth,0.33341994798431385,1,0,0.0,0.0,18595,15814548,10,0.5,0.05,0.0,0.0,0.6314948542084396,0.4931060622962853,0.3344289112988366,1.0,dependency,415
node-forge,0.3334151037017399,1,0,0.0,0.0,3039204,113238547,2,0.3333333333333333,0.05,0.0,0.0,0.9588726387660266,0.6978489107055081,0.1532209166124383,1.0,dependency,79
http-signature,0.33317185557875956,1,0,0.0,0.0,905940,94393216,8,0.125,0.05,0.0,0.0,0.8811216394181999,0.6789169536233457,0.3064418332248766,1.0,dependency,226
@azure/core-client,0.33202736252003284,1,0,0.0,0.0,5749,28559049,10,0.5,0.05,0.0,0.0,0.5560968830996015,0.5545781787623134,0.3344289112988366,1.0,dependency,483
@aws-sdk/client-iam,0.3293382097855506,1,40,0.0,0.0,2312,12265343,2,0.5,0.05,0.4819277108433735,0.0,0.4975991659012661,0.4666726471452494,0.1532209166124383,1.0,dependency,502
devtools-protocol,0.329234547748075,1,0,0.0,0.0,70218,55929863,7,0.3333333333333333,0.05,0.0,0.0,0.7168447934490224,0.6244832187490684,0.2900149054808356,1.0,dependency,359
@aws-sdk/client-sqs,0.32818458526922933,1,41,0.0,0.0,995,16451252,2,0.5,0.05,0.4939759036144578,0.0,0.4434760573800991,0.4972113177321194,0.1532209166124383,1.0,dependency,511
@aws-sdk/middleware-endpoint-discovery,0.3278942570859388,1,0,0.0,0.0,1374,17002415,15,0.5,0.05,0.0,0.0,0.4641900350687519,0.5006387137676662,0.38668654064111413,1.0,dependency,510
stripe,0.32593798761284387,1,1,0.0,0.0,46266,18124546,0,1.0,0.05,0.012048192771084338,0.0,0.6900457589159289,0.5072859244414254,0.0,1.0,dependency,389
zimmerframe,0.3251467373343556,1,0,0.0,0.0,2,6125256,86,0.5,0.05,0.0,0.0,0.0705715647154672,0.39445530190939276,0.6228498829889778,1.0,dependency,540
jsonwebtoken,0.32490928847746614,3,10,0.0,0.01282051282051282,718942,110929858,1,0.25,0.15,0.12048192771084337,0.0,0.8662705506882178,0.6957065377644444,0.09667163516027853,0.9871794871794872,dependency,240
@aws-sdk/client-ses,0.32400503180703755,1,40,0.0,0.0,2032,7954169,2,0.5,0.05,0.4819277108433735,0.0,0.4893104819683257,0.4216295512930593,0.1532209166124383,1.0,dependency,503
puppeteer,0.32308719866559177,1,6,0.0,0.0,144056,26910791,2,0.5,0.05,0.07228915662650602,0.0,0.7630048719651534,0.5483953840986411,0.1532209166124383,1.0,dependency,307
i18next,0.3228430949368306,1,1,0.0,0.0,49895,41744827,3,0.5,0.05,0.012048192771084338,0.0,0.6948964157353054,0.5940590594800612,0.19334327032055706,1.0,dependency,384
@aws-sdk/client-secrets-manager,0.3227660080457406,1,39,0.0,0.0,536,18040808,2,0.5,0.05,0.46987951807228917,0.0,0.40379370038336704,0.5068042880361325,0.1532209166124383,1.0,dependency,519
@azure/core-http-compat,0.3227234992996325,1,0,0.0,0.0,2528,19389431,10,0.5,0.05,0.0,0.0,0.5033341549091236,0.5143022747487875,0.3344289112988366,1.0,dependency,499
@aws-sdk/middleware-sdk-sqs,0.32127581814144224,1,0,0.0,0.0,535,16100583,15,0.5,0.05,0.0,0.0,0.40367396687901214,0.49497039251244157,0.38668654064111413,1.0,dependency,520
react,0.3196543010572487,1,0,0.0,0.0,2830385,117286823,0,0.5,0.05,0.0,0.0,0.9543000642874451,0.7015022055443005,0.0,1.0,dependency,81
react-dom,0.3194524933544589,1,1,0.0,0.0,2621774,107411174,0,0.5,0.05,0.012048192771084338,0.0,0.9493819808644233,0.692354019168341,0.0,1.0,dependency,84
scheduler,0.3187743516539988,1,0,0.0,0.0,2143380,127962204,0,0.5,0.05,0.0,0.0,0.9364403387093205,0.7105624370899272,0.0,1.0,dependency,109
@smithy/core,0.3171951648134538,18,0,0.0,0.0,1,131116378,1,0.3333333333333333,0.9,0.0,0.0,0.044525699935081875,0.7130950235579108,0.09667163516027853,1.0,dependency,542
@aws-sdk/client-sns,0.3161239276819787,1,39,0.0,0.0,758,7692998,2,0.5,0.05,0.46987951807228917,0.0,0.4260199412059927,0.4181572435758883,0.1532209166124383,1.0,dependency,517
@aws-sdk/client-ec2,0.3158684335151116,1,41,0.0,0.0,856,5523769,2,0.5,0.05,0.4939759036144578,0.0,0.4338206353963278,0.3837052221747135,0.1532209166124383,1.0,dependency,513
@aws-sdk/client-cloudformation,0.31451946053370694,1,40,0.0,0.0,600,6782604,2,0.5,0.05,0.4819277108433735,0.0,0.41102658432671846,0.4050577362013599,0.1532209166124383,1.0,dependency,518
@microsoft/microsoft-graph-client,0.3138348566860818,1,2,0.0,0.0,2634,3608908,24,0.3333333333333333,0.05,0.024096385542168676,0.0,0.5059716759248766,0.3394345084433785,0.44892917131470333,1.0,dependency,498
ioredis,0.31322974963108086,1,0,0.0,0.0,50169,40095613,2,0.5,0.05,0.0,0.0,0.695248203230896,0.5898667191142947,0.1532209166124383,1.0,dependency,383
puppeteer-core,0.31257960290340847,1,0,0.0,0.0,43700,41018272,2,0.5,0.05,0.0,0.0,0.6863805251580234,0.5922329299104434,0.1532209166124383,1.0,dependency,392
@aws-sdk/middleware-sdk-ec2,0.31209786604631995,1,0,0.0,0.0,788,5246792,15,0.5,0.05,0.0,0.0,0.4285100594351279,0.3783547790051026,0.38668654064111413,1.0,dependency,516
jwks-rsa,0.3074641494455301,1,0,0.0,0.0,32652,22888688,18,0.022222222222222223,0.05,0.0,0.0,0.6676596613485678,0.5315584092354297,0.41065409876692743,1.0,dependency,398
@aws-sdk/middleware-sdk-s3,0.3070323364283686,1,0,0.0,0.0,9153,63188397,2,0.5,0.05,0.0,0.0,0.5859665185994134,0.637174271718655,0.1532209166124383,1.0,dependency,456
elasticsearch,0.3063654983514898,1,3,0.0,0.08333333333333333,4611,1215775,52,0.2,0.05,0.03614457831325301,0.0,0.5419301659490735,0.22627351457945838,0.5537274364106304,0.9166666666666666,dependency,491
@aws-sdk/client-lambda,0.3062160924556544,1,44,0.0,0.0,1695,19264790,0,0.5,0.05,0.5301204819277109,0.0,0.4776681670873082,0.5136315348007843,0.0,1.0,dependency,508
cron,0.3060874815044885,1,2,0.0,0.0,36988,15399011,5,0.3333333333333333,0.05,0.024096385542168676,0.0,0.6756689777326216,0.4903366939036734,0.24989255177271683,1.0,dependency,396
jws,0.30550300768925054,1,0,0.0,0.0,730294,125207235,1,0.25,0.05,0.0,0.0,0.8672769187415916,0.7082987767192452,0.09667163516027853,1.0,dependency,237
@aws-sdk/client-cloudwatch,0.3052963172113341,1,41,0.0,0.0,271,4060806,2,0.5,0.05,0.4939759036144578,0.0,0.36009994370563736,0.35170475082762853,0.1532209166124383,1.0,dependency,524
@aws-sdk/client-cloudfront,0.30479844094628084,1,41,0.0,0.0,202,4637739,2,0.5,0.05,0.4939759036144578,0.0,0.34130444695019274,0.3655214849325405,0.1532209166124383,1.0,dependency,526
@aws-sdk/client-kms,0.3045312946179286,1,39,0.0,0.0,132,7399348,2,0.5,0.05,0.46987951807228917,0.0,0.3141413886803796,0.41410946546099936,0.1532209166124383,1.0,dependency,528
@aws-sdk/client-rds,0.3041877117753534,1,41,0.0,0.0,308,3373731,2,0.5,0.05,0.4939759036144578,0.0,0.368292680804594,0.33242595936886465,0.1532209166124383,1.0,dependency,522
@aws-sdk/signature-v4-multi-region,0.30221033822836174,1,0,0.0,0.0,4361,62822720,2,0.5,0.05,0.0,0.0,0.5383501775398073,0.6365706307781925,0.1532209166124383,1.0,dependency,494
@aws-sdk/middleware-flexible-checksums,0.3007297200779744,1,0,0.0,0.0,4454,53781431,2,0.5,0.05,0.0,0.0,0.5397053466830387,0.6204092801310876,0.1532209166124383,1.0,dependency,493
@azure/core-util,0.2986185546235456,1,0,0.0,0.0,6077,36236913,2,0.5,0.05,0.0,0.0,0.5596604849734212,0.579342487296417,0.1532209166124383,1.0,dependency,478
@aws-sdk/middleware-sdk-rds,0.297640999085788,1,0,0.0,0.0,177,3278058,15,0.5,0.05,0.0,0.0,0.33286226354186993,0.3294339052930407,0.38668654064111413,1.0,dependency,527
@puppeteer/browsers,0.29567482838516657,1,0,0.0,0.0,4110,34762609,2,0.5,0.05,0.0,0.0,0.5345432124707091,0.5750224974153386,0.1532209166124383,1.0,dependency,496
@slack/web-api,0.2953222991165788,1,12,0.0,0.01282051282051282,6039,14855839,9,0.1,0.05,0.14457831325301204,0.0,0.5592576108608996,0.48660180490379523,0.32113622081763027,0.9871794871794872,dependency,479
@slack/types,0.2948296848262073,1,0,0.0,0.0,7630,17655666,13,0.1,0.05,0.0,0.0,0.5742771792331534,0.5045598837938995,0.3680632259508434,1.0,dependency,470
mongodb,0.29249438253038756,2,0,0.0,0.0,828772,33447868,1,0.2,0.1,0.0,0.0,0.8754027543505795,0.5710126154475536,0.09667163516027853,1.0,dependency,231
paypal-rest-sdk,0.2880214134012087,1,2,0.0,0.0,2388,138041,2,1.0,0.05,0.024096385542168676,0.0,0.4996759152450415,0.0,0.1532209166124383,1.0,dependency,501
express-validator,0.2864089331930486,1,2,0.0,0.3333333333333333,71253,5286911,16,0.25,0.05,0.024096385542168676,0.0,0.7177847111421389,0.37914702442730436,0.3951417165205483,0.6666666666666667,dependency,357
svelte,0.2859573593198219,1,15,0.0,0.0,56439,7230385,1,0.3333333333333333,0.05,0.18072289156626506,0.0,0.7028128101888147,0.41170696680159435,0.09667163516027853,1.0,dependency,371
@azure/core-tracing,0.276950231977004,1,0,0.0,0.0,17118,45310102,0,0.5,0.05,0.0,0.0,0.6261787571867762,0.602582821842523,0.0,1.0,dependency,419
mongoose,0.2719492474370962,1,6,0.0,0.0,833560,14673791,0,0.25,0.05,0.07228915662650602,0.0,0.87577279747982,0.4853194091535248,0.0,1.0,dependency,230
@azure/core-lro,0.2697092927116233,1,0,0.0,0.0,14215,25332662,0,0.5,0.05,0.0,0.0,0.6142421809514428,0.5421100054240493,0.0,1.0,dependency,445
@azure/core-rest-pipeline,0.2691906619994191,1,0,0.0,0.0,6238,40079906,0,0.5,0.05,0.0,0.0,0.561339911315452,0.5898259679379982,0.0,1.0,dependency,476
@aws-sdk/client-s3-control,0.26458626702070165,1,45,0.0,0.0,5,537661,2,0.5,0.05,0.5421686746987951,0.0,0.11509726465054906,0.14141415689205503,0.1532209166124383,1.0,dependency,536
@aws-sdk/middleware-sdk-s3-control,0.26261964365745327,1,0,0.0,0.0,13,543604,15,0.5,0.05,0.0,0.0,0.1695251428058939,0.14255747174566946,0.38668654064111413,1.0,dependency,535
@babel/helper-globals,0.25993376962805614,2,0,0.0,0.5,0,124467194,43,0.25,0.1,0.0,0.0,0.0,0.7076822219306629,0.5277721816193937,0.5,dependency,549
@firebase/database-types,0.2584798721536713,1,0,0.0,0.0,286638,15570231,0,0.25,0.05,0.0,0.0,0.8072008657740276,0.4914867446515738,0.0,1.0,dependency,279
@azure/core-xml,0.2577202198447096,1,0,0.0,0.0,350,12261355,1,0.5,0.05,0.0,0.0,0.3764793626642108,0.46663882472158763,0.09667163516027853,1.0,dependency,521
@firebase/database-compat,0.2567856999838206,1,0,0.0,0.0,99485,25432978,0,0.25,0.05,0.0,0.0,0.7392248381040245,0.5425210506230701,0.0,1.0,dependency,332
@aws-sdk/client-cloudtrail,0.2556188181823954,1,39,0.0,0.0,5,454897,2,0.5,0.05,0.46987951807228917,0.0,0.11509726465054906,0.12402882513549857,0.1532209166124383,1.0,dependency,537
playwright-core,0.2524749180473773,1,0,0.0,0.0,17326,49453440,0,0.25,0.05,0.0,0.0,0.6269545488461602,0.6116835205165014,0.0,1.0,dependency,418
@azure/storage-blob,0.24913199146854118,1,14,0.0,0.0,11005,15298832,0,0.2,0.05,0.1686746987951807,0.0,0.5978021636887282,0.48965786701631764,0.0,1.0,dependency,448
playwright,0.24897509198232082,1,1,0.0,0.0,9850,44587707,0,0.25,0.05,0.012048192771084338,0.0,0.5906803605779053,0.6009112553631073,0.0,1.0,dependency,450
@smithy/middleware-apply-body-checksum,0.24579395870685006,1,0,0.0,0.0,1,554214,24,0.3333333333333333,0.05,0.0,0.0,0.044525699935081875,0.14456789018302396,0.44892917131470333,1.0,dependency,544
@aws-sdk/client-cloudsearch,0.23818175323605606,1,39,0.0,0.0,1,167680,2,0.5,0.05,0.46987951807228917,0.0,0.044525699935081875,0.020229740387571995,0.1532209166124383,1.0,dependency,541
esrap,0.23462510517506316,1,0,0.0,0.0,1,5046083,3,0.5,0.05,0.0,0.0,0.044525699935081875,0.3742980704336947,0.19334327032055706,1.0,dependency,543
@aws-sdk/client-cloudhsm,0.23326072680187473,1,39,0.0,0.0,0,160295,2,0.5,0.05,0.46987951807228917,0.0,0.0,0.015545175980840596,0.1532209166124383,1.0,dependency,555
@sveltejs/acorn-typescript,0.21475037973917852,1,0,0.0,0.0,0,4466457,5,0.25,0.05,0.0,0.0,0.0,0.3616075827352402,0.24989255177271683,1.0,dependency,559
@azure/storage-common,0.1915306495031425,1,0,0.0,0.0,0,5059087,0,0.5,0.05,0.0,0.0,0.0,0.3745657542906843,0.0,1.0,dependency,545
@smithy/middleware-compression,0.19076900127263605,1,0,0.0,0.0,0,3747689,1,0.3333333333333333,0.05,0.0,0.0,0.0,0.3433590880848154,0.09667163516027853,1.0,dependency,558
@aws-sdk/dynamodb-codec,0.19048475287966965,1,0,0.0,0.0,0,240325,2,0.5,0.05,0.0,0.0,0.0,0.05766495483107895,0.1532209166124383,1.0,dependency,552
