package,risk_score
es-abstract,0.760998395866328
reflect.getprototypeof,0.6051298416882077
side-channel,0.5871108566600631
setprototypeof,0.5861584019307029
require-directory,0.5842635058420926
unpipe,0.5839985265003449
merge2,0.5820407630465608
utils-merge,0.5819867109557556
array-union,0.5819319102811465
util-deprecate,0.5809319114805006
retry,0.5809088973705916
default-gateway,0.5808765350925227
escape-string-regexp,0.5806672847244837
gensync,0.5804163585336368
has-value,0.5803673419073553
path-parse,0.5801292945577669
set-blocking,0.5799073806278412
has-values,0.5792350594791607
asynckit,0.5791805965985702
to-fast-properties,0.5791306630607829
core-util-is,0.5790144623245916
inherits,0.5786203289208336
is-obj,0.5784751243150736
source-map-resolve,0.5781376014223889
require-from-string,0.5778035782422548
redent,0.5776813006366754
fast-deep-equal,0.5776475782492144
supports-preserve-symlinks-flag,0.5776173779227941
p-try,0.5775788637548822
normalize-range,0.5775343026168691
require-main-filename,0.5774636674131138
shebang-command,0.5773130169042417
saxes,0.5771919294722239
process-nextick-args,0.576990828561093
html-escaper,0.5767627978617991
eslint-utils,0.576670723713785
uri-js,0.5763935374891433
which-builtin-type,0.5762596292632061
fs.realpath,0.5760870530920543
he,0.5760806978079498
astral-regex,0.5760282741499301
has-flag,0.5759505597847824
neo-async,0.5759098102393406
@xtuc/long,0.5758780841144608
@tootallnate/once,0.5755969932814871
p-locate,0.5755618404248048
symbol-tree,0.5755395150536504
buffer-from,0.5754119813634128
isarray,0.5751687524572744
xmlchars,0.575087500819721
detect-node,0.575014589999565
websocket-extensions,0.5749599168154145
fragment-cache,0.5748509429925662
call-bind,0.5748014619556714
websocket-driver,0.5746081523630037
path-key,0.5744154999101406
snapdragon-util,0.5743509312451687
slash,0.5743473400035661
json-buffer,0.5743257460536009
makeerror,0.5742473282514473
to-object-path,0.57420326854552
is-plain-obj,0.5741843178166387
connect-history-api-fallback,0.5740050011956336
loose-envify,0.5738717674630684
json-schema,0.5738505924878351
define-lazy-prop,0.5738442582732609
repeat-element,0.5734774712868068
tmpl,0.5733555585869345
get-caller-file,0.5733391138303839
is-wsl,0.5733163405132381
source-map-url,0.5732057428876199
damerau-levenshtein,0.5731995273806305
resolve-url,0.5731896353172975
indent-string,0.5731686999185687
renderkid,0.5731422602480316
crypto-random-string,0.573102232364896
deepmerge,0.572985548757115
select-hose,0.5729652842763485
shebang-regex,0.5729529905336618
urix,0.5728734076623272
mimic-response,0.5728344650943242
http-deceiver,0.5728034548576221
gzip-size,0.5727546252537876
unique-string,0.572648200374524
strip-bom,0.5725835900848818
deep-equal,0.5722814968812259
proxy-from-env,0.5722548684919969
@xtuc/ieee754,0.572195183517944
resolve-cwd,0.572117162878184
hoist-non-react-statics,0.5720442862570223
resolve-from,0.5719566445726219
is-buffer,0.5716651800139645
json-schema-traverse,0.571575330104338
relateurl,0.5715513528190371
array-flatten,0.5715269531671899
smart-buffer,0.5714936331272467
natural-compare,0.5714869973545044
cross-spawn,0.5714759674059723
wcwidth,0.5714458752547521
jest-pnp-resolver,0.5714009328524857
code-point-at,0.5713555474624383
dom-converter,0.5713505978475228
pify,0.5713099423473541
graceful-fs,0.5713098969958953
text-table,0.5711978664733142
prepend-http,0.5710837936225339
queue-microtask,0.5703847870535519
faye-websocket,0.5703014405799476
onetime,0.5701586798379867
ip-regex,0.5701124071013471
global-modules,0.5700644081510396
mkdirp,0.5698539614626169
typedarray-to-buffer,0.5698006241759814
duplexer,0.5697957038708787
utila,0.5697256078990312
strict-uri-encode,0.5696582223217361
ret,0.5695911268453976
p-cancelable,0.569517279579316
browser-process-hrtime,0.5693686554939559
stable,0.5693455338518478
bonjour,0.5692453924583629
regenerator-runtime,0.5692449080838441
regjsgen,0.5691691513261065
once,0.5691205442116395
setimmediate,0.5690383567921482
path-is-absolute,0.5689938953031517
buffer-equal-constant-time,0.5687786934666371
ansi-html-community,0.5687769346280175
commondir,0.5686023330891411
any-promise,0.5683671938820452
deep-is,0.5681027995967566
pako,0.5679996797380503
depd,0.5679681449211205
is-directory,0.5679159885124646
json-stable-stringify-without-jsonify,0.5678276016278524
clone,0.5677217760071178
kleur,0.5675977587886901
buffer,0.5675901963468472
case-sensitive-paths-webpack-plugin,0.5675855089362207
is-path-in-cwd,0.5675345048018654
event-target-shim,0.5674750644264109
@svgr/babel-preset,0.5674557054931051
map-cache,0.5674141791198072
invert-kv,0.567330460245906
arrify,0.5672588294942358
argparse,0.5669864274026759
opn,0.5667471634590291
deep-extend,0.5666892600980761
which-module,0.5666813619413039
is-generator-fn,0.5666018877555896
map-age-cleaner,0.5666015352501806
safer-buffer,0.5664695596688086
identity-obj-proxy,0.5664122734430702
tsutils,0.5664070556441204
has-unicode,0.5661875176421062
sisteransi,0.5661783636791287
walker,0.5661750064349259
p-is-promise,0.5661741250514928
har-validator,0.566132400718243
balanced-match,0.566110148262831
filelist,0.5660793492852396
has-tostringtag,0.5660638531440929
request-promise-core,0.5660490783107108
wordwrap,0.5660314989734251
lines-and-columns,0.5660232709988047
dns-equal,0.5659794489198838
get-own-enumerable-property-symbols,0.5659326814293137
minipass,0.5657725737075
unquote,0.565721853557444
exit,0.5656183808528388
create-require,0.5655995760302309
xtend,0.565589277371945
is-color-stop,0.5655488209732525
is-path-inside,0.5655457692353163
is-stream,0.5655356776327355
node-int64,0.5653691890308159
css-select-base-adapter,0.5653433348738001
uniq,0.5652256110085089
postcss-page-break,0.5652206400466873
@types/json5,0.565215834514504
ast-types-flow,0.5652144947112535
colord,0.565202636198096
sockjs-client,0.5651639481587962
cssesc,0.5650677487008757
copy-descriptor,0.5650047155667177
num2fraction,0.56498466060226
@humanwhocodes/module-importer,0.5649673754871771
aggregate-error,0.5649054835095504
no-case,0.5649020769722537
node-notifier,0.5648834152983755
har-schema,0.5648265618451086
harmony-reflect,0.564775074783397
postcss-replace-overflow-wrap,0.5646627579123208
mimic-fn,0.5646349706943613
decode-uri-component,0.564604839194953
regenerator-transform,0.5645375158822922
growly,0.5643241031223043
posix-character-classes,0.5642917507840356
detect-newline,0.5640654199992438
@cnakazawa/watch,0.5640481551873785
object.fromentries,0.5639178489327269
is-finite,0.5638763736742155
strip-final-newline,0.5637334696393258
chownr,0.5637328532296795
which-collection,0.5637312966082094
camel-case,0.5636356496372416
postcss-flexbugs-fixes,0.5636115767329254
postcss-initial,0.5635836995873225
currently-unhandled,0.5635124926736894
busboy,0.5634331774836744
dns-txt,0.5634140935477048
private,0.5633446781181578
@cspotcode/source-map-support,0.5633351512063438
array-find-index,0.5632534919817623
streamsearch,0.5631385849080077
lower-case,0.5631130603270037
param-case,0.5630475943134033
call-me-maybe,0.5630025115750305
functions-have-names,0.5629598964734686
hpack.js,0.5629543994702736
@svgr/hast-util-to-babel-ast,0.5629141042268913
repeating,0.5629056871411809
strip-comments,0.5628866457975639
optionator,0.562687809785476
get-package-type,0.5626737327693034
css-color-names,0.5626219401352033
stealthy-require,0.5626014681842734
babel-plugin-transform-react-remove-prop-types,0.5624684967590643
dequal,0.5623111135610638
es-array-method-boxes-properly,0.5622957305240623
multicast-dns-service-types,0.5622420075866423
graphemer,0.562153220641592
buffer-indexof,0.5620520964205031
indexes-of,0.5620060935003929
is-interactive,0.561997672204769
killable,0.561956064642823
domhandler,0.5618835700890638
env-paths,0.5618416840627417
yallist,0.5618266251514534
@mrmlnc/readdir-enhanced,0.5617887800384255
p-each-series,0.5617441226578732
is-module,0.5617217488098005
get-intrinsic,0.5616425054186378
lz-string,0.5615917838946342
pnp-webpack-plugin,0.561462273609768
fast-json-stable-stringify,0.5610927113695499
rgba-regex,0.5610615809470967
alphanum-sort,0.5610242809890332
@jridgewell/resolve-uri,0.5610023730371865
atob,0.5608579429326747
array-uniq,0.5607667977046124
glob-to-regexp,0.5607358901280084
rgb-regex,0.560601438117387
@svgr/webpack,0.5605138534415645
v8-compile-cache-lib,0.5603924973239108
@svgr/core,0.5603888273751609
fastest-levenshtein,0.560314221922468
ts-pnp,0.5601512420193845
get-stdin,0.5601089936961922
uniqs,0.5599080793341089
hex-color-regex,0.5598324715596903
trim-right,0.5598297313069618
import-from,0.5597565185796785
@svgr/plugin-svgo,0.5596427555802496
has,0.55963465882541
object-copy,0.5596035978120021
tempy,0.5595487526752185
timsort,0.5594637686259
babel-plugin-macros,0.55942542118376
postcss-clamp,0.5594163518643741
@types/prettier,0.5593561442015658
hoopy,0.5593111914444178
trim-newlines,0.5592402150740946
hsla-regex,0.5592381804185488
tryer,0.5592220916303144
hsl-regex,0.5591782809565743
ast-types,0.5591495013782183
os-tmpdir,0.5590922781845498
es-get-iterator,0.5589337997570211
last-call-webpack-plugin,0.5589255336011903
webpack-log,0.5588635566404183
to-regex,0.5587884070436149
which-boxed-primitive,0.5586497297649768
mixin-object,0.558561044562675
node-modules-regexp,0.5585536998141695
defaults,0.5584706157715508
is-regexp,0.5584251833983807
sparse-bitfield,0.5584178377797682
split2,0.5584117559883446
abab,0.5584080734070662
abort-controller,0.5583355419675765
@nicolo-ribaudo/eslint-scope-5-internals,0.557973807028537
wbuf,0.5578742558746158
@svgr/babel-plugin-svg-dynamic-title,0.5577548953612685
@svgr/babel-plugin-add-jsx-attribute,0.5577532804731878
@svgr/babel-plugin-replace-jsx-attribute-value,0.5576980269108469
@svgr/babel-plugin-svg-em-dimensions,0.5576629621060329
@svgr/babel-plugin-remove-jsx-empty-expression,0.5575590783353996
prompts,0.557511266592989
@svgr/babel-plugin-transform-react-native-svg,0.5574779179417488
@svgr/plugin-jsx,0.5572491807765847
temp-dir,0.5570989285446342
@svgr/babel-plugin-remove-jsx-attribute,0.5570986380709935
fastparse,0.5570252956899846
is-negative-zero,0.5569751060542051
pend,0.5569141505663481
serve-index,0.5568163045101014
memory-pager,0.5568114698955049
string-natural-compare,0.556810479009583
color-support,0.5566522428056156
json-bigint,0.55655458659321
path-type,0.5561782413978402
string.prototype.matchall,0.5560179013845598
needle,0.5559252359759002
@svgr/babel-plugin-transform-svg-component,0.555854010266282
html-comment-regex,0.5556847456942855
executable,0.5554726711180562
is-installed-globally,0.5554647585534687
picocolors,0.5554244284708512
esprima,0.5553854386850332
eslint-plugin-flowtype,0.5552118547607102
append-field,0.55513948124505
escalade,0.5551009527975798
is-utf8,0.5548314236988762
import-cwd,0.5547705512333422
fecha,0.5546527650584132
date-now,0.5546228633500783
ansi-html,0.5543636950202424
colorette,0.554157394986994
istanbul-lib-instrument,0.5541198582718889
@types/mime,0.5541090617104509
npm-run-path,0.5540747426259126
wildcard,0.5540062521025156
resolve-pkg-maps,0.5539000751887241
resolve-alpn,0.5538110967903102
string-length,0.5537683425172258
enabled,0.5536157040891028
fast-glob,0.553579950469189
ecdsa-sig-formatter,0.5535187071541645
callsites,0.5533676523869868
is-root,0.5533179108948698
jsesc,0.553297825936785
common-path-prefix,0.5532613442337084
@humanwhocodes/config-array,0.5532364945528727
request-progress,0.5531271197856436
loader-fs-cache,0.5530862965311606
@jridgewell/set-array,0.5530043453143298
netmask,0.5526519206168344
http-proxy-agent,0.5526500131071668
spdx-exceptions,0.5525550911133129
mamacro,0.5521474917675658
es-iterator-helpers,0.5513980124252713
import-fresh,0.5508791385886895
jmespath,0.5506874586208562
os-homedir,0.5505364679291495
cli-cursor,0.5505154600119893
restore-cursor,0.5501521655995355
@humanwhocodes/object-schema,0.550037767722509
ejs,0.5500045726563809
@nodelib/fs.stat,0.5499861615526414
is-set,0.5499750485287571
js-tokens,0.5497402443552726
ieee754,0.5495163515735578
is-map,0.5493672523142461
import-local,0.5493276887209101
type-detect,0.54923484702298
array.prototype.flatmap,0.5491226513434296
source-map-js,0.5490735902034299
domelementtype,0.5489879938235461
adjust-sourcemap-loader,0.5488038577687022
@tokenizer/token,0.5487806972404776
denque,0.5486554115649209
@nodelib/fs.scandir,0.5486510784519247
define-properties,0.5486374313399206
@nodelib/fs.walk,0.5485070517691272
internmap,0.5483942862580358
array.prototype.tosorted,0.548387634444026
is-weakmap,0.5482995034640031
path-exists,0.548241943997029
check-types,0.5479698365229623
fast-levenshtein,0.5478942033563277
optimize-css-assets-webpack-plugin,0.5478867160347303
data-uri-to-buffer,0.5478277662054136
define-data-property,0.5473580023542324
levn,0.5473409390801459
p-defer,0.5473305559307061
rw,0.5471317095670024
typed-array-length,0.5471150147257691
reflect-metadata,0.5469629384168331
webpack-merge,0.5469448214432521
sprintf-js,0.5467854549959842
lcid,0.5466297839000216
gopd,0.5465276628021575
unbox-primitive,0.5465218071073226
boolbase,0.5463497217721163
ajv-keywords,0.546261836977688
has-property-descriptors,0.5460965401860517
exec-sh,0.5457906384377887
object.values,0.5453249235825021
@isaacs/cliui,0.54512490072431
@pkgjs/parseargs,0.5448547214011489
is-inside-container,0.5447595814976803
language-subtag-registry,0.5447456770634509
regexp-tree,0.5447296288977836
@webassemblyjs/ieee754,0.54411331436727
resolve-url-loader,0.5440345059174598
@webassemblyjs/leb128,0.543981814355641
ospath,0.5438317712316673
run-parallel,0.5436549073250133
snake-case,0.5433602597770641
is-bigint,0.5433446871084452
@webassemblyjs/helper-numbers,0.5433203215967236
v8-to-istanbul,0.5432237820672047
is-number-object,0.5431282696136811
available-typed-arrays,0.5431238617247799
cluster-key-slot,0.5430770528738678
regex-not,0.5430531122582749
has-symbols,0.542996980674944
@csstools/convert-colors,0.5429918126361115
loglevel,0.5428218325838079
@leichtgewicht/ip-codec,0.542791846927049
standard-as-callback,0.5426843474582287
blob-util,0.5426221651374538
toposort-class,0.5425527681382342
@webassemblyjs/utf8,0.5421488006552064
@webassemblyjs/helper-api-error,0.5421273992990885
caniuse-api,0.5420786073582504
istanbul-lib-source-maps,0.5420123316876811
object.assign,0.5418369518892544
typed-array-byte-offset,0.5417596833976832
array.prototype.flat,0.5416874276822821
figures,0.5413145073634643
get-port,0.541231814236723
@types/eslint,0.5411750419743361
@webassemblyjs/floating-point-hex-parser,0.5411639566499862
wkx,0.5409731340992188
has-bigints,0.5408682475258354
deep-eql,0.5408507473729005
object-is,0.5405065888923346
degenerator,0.540398597994189
rc,0.5402266971902783
cachedir,0.5400994521360217
@webassemblyjs/wasm-parser,0.5400367477389364
lilconfig,0.5400301671653777
pac-resolver,0.5400261720124948
is-arguments,0.5397086051729043
sanitize.css,0.539691717690393
parse-json,0.5396641223894683
postcss-value-parser,0.5396126720404459
eastasianwidth,0.539608547800222
set-function-length,0.5395391882087064
to-regex-range,0.5394217830017207
is-boolean-object,0.5392460582910006
reusify,0.5390904690573854
object.groupby,0.5389269349935555
fastq,0.5388833573788314
jsonc-parser,0.5388641505287272
aws-sign2,0.5388356739855198
psl,0.5384509639253974
is-ip,0.5383873225576029
is-typedarray,0.5382730315157896
fork-ts-checker-webpack-plugin,0.5379051843262354
char-regex,0.5376588426853196
flatted,0.5375552091038963
object.entries,0.5375049675031417
function.prototype.name,0.537504859258757
unicode-trie,0.5375029420958234
which-typed-array,0.5374304899237998
regexp.prototype.flags,0.5373507320202506
object.getownpropertydescriptors,0.5372058219603406
@bcoe/v8-coverage,0.5369966368036525
util.promisify,0.5369170927405992
http-proxy-middleware,0.5366914258221885
parse-ms,0.5363606808545761
performance-now,0.5361678176741868
scmp,0.5357628772100601
jsonpath,0.5356689247796157
es-shim-unscopables,0.5356026535882341
isstream,0.5354501485905802
dfa,0.535308608650369
human-signals,0.5353076270439021
through,0.5352999294855519
isexe,0.5345958219084824
buffer-more-ints,0.5343638974721088
resolve.exports,0.5343579337628594
imurmurhash,0.5342862910353282
@webassemblyjs/wasm-gen,0.5341418759855701
bundle-name,0.5341418231093112
proxy-addr,0.5341202654676989
long-timeout,0.5339794231463317
vary,0.5339424308870587
dottie,0.5339420832396241
is-extglob,0.5338712006374822
is-string,0.5338402248953845
array-includes,0.5336901697954676
pretty-error,0.533375394405633
has-proto,0.5333640852945148
linebreak,0.5332497584812235
@types/parse-json,0.533086855375142
sorted-array-functions,0.5329803022791126
convert-hrtime,0.532801292245441
htmlparser2,0.5327217919605317
find-cache-dir,0.5323604081806459
png-js,0.5323348839452189
bonjour-service,0.5321336383995738
destroy,0.5317317812441346
unicode-match-property-ecmascript,0.531724599399802
forwarded,0.5317033284170868
filter-obj,0.5316919833168883
html-entities,0.5315482165896503
throttleit,0.5314250836334699
@cypress/xvfb,0.5312891912884132
dir-glob,0.5310186022811172
delayed-stream,0.5307007699956274
nth-check,0.5304975239996323
xmlbuilder,0.5303214509802612
@webassemblyjs/ast,0.5302123070385969
time-span,0.5301555974111134
internal-slot,0.530047622836394
safe-regex-test,0.5297896505644079
postcss-opacity-percentage,0.5293796725146519
ee-first,0.5292305027559792
@webassemblyjs/wasm-edit,0.5288627188215421
is-weakset,0.5285749489726599
regenerate,0.5283153420783235
media-typer,0.5278817456855708
cosmiconfig,0.5278320188516147
is-unicode-supported,0.5278079501030681
is-electron,0.5275212030190637
babel-preset-current-node-syntax,0.5273655224337139
@webassemblyjs/wast-printer,0.5272755979804034
fflate,0.5271902613518247
robust-predicates,0.5271767406627254
pkg-dir,0.5271323672329645
@types/tough-cookie,0.5267322719239067
signal-exit,0.5265993794381975
repeat-string,0.5263446542799249
bfj,0.5262778905434693
cssom,0.5262246553301261
upath,0.5261520138408377
multicast-dns,0.5258033136024245
on-finished,0.5257535402442705
xml2js,0.5257131247835308
requires-port,0.5254662234298697
regex-parser,0.5253932796453226
safe-buffer,0.5253237051728161
minipass-flush,0.5252914906849305
static-extend,0.5252432050652459
is-core-module,0.5251981928315991
invariant,0.5251861237757032
qs,0.5251148653764495
es-set-tostringtag,0.5251058029837449
typed-array-byte-length,0.5250325437007042
@tootallnate/quickjs-emscripten,0.5249659485006344
minipass-pipeline,0.5249550896899893
kind-of,0.5249262632910894
json5,0.5246527764542566
unset-value,0.5246509781980832
obuf,0.5246040476699303
wide-align,0.5245974419027019
supports-color,0.5244189140747509
console-control-strings,0.5241505341531087
string.prototype.trim,0.5237582551482812
ignore,0.5236714485259818
batch,0.5236524614826242
http-cache-semantics,0.523454714568853
string.prototype.trimleft,0.5234178977313168
type-check,0.5233643361885819
extglob,0.523340427934621
esutils,0.5233280479961451
es-module-lexer,0.5232787495228242
delegates,0.5231906806618212
string.prototype.trimright,0.523077157116439
universalify,0.523059830155303
use,0.5230325390428724
is-shared-array-buffer,0.522924663759415
snapdragon-node,0.5228032495515954
handle-thing,0.522649056327874
safe-regex,0.5225710393916757
is-path-cwd,0.5223934025280884
long,0.5222331152510206
thunky,0.5221447451311861
minimalistic-assert,0.5219577110465808
accepts,0.5219091461498588
domutils,0.521706145350281
jsbn,0.5216947050895285
punycode,0.5209568725425908
common-tags,0.5209085442040547
convert-source-map,0.5208199450040996
define-property,0.5207796891702511
validate-npm-package-license,0.5207491476706526
unicode-properties,0.5205320806684062
is-potential-custom-element-name,0.5204826203556241
language-tags,0.5199964334241033
prelude-ls,0.5199558072636251
escodegen,0.5199383084672204
base64-js,0.5197734842245972
is-windows,0.5194119691246626
ansi-colors,0.5193812197853483
promise-retry,0.5193667806593114
is-callable,0.5193496025723102
array.prototype.findlastindex,0.5193462485222217
object-hash,0.5190490113965205
tree-kill,0.5189233492857817
word-wrap,0.5188700492154094
strip-ansi,0.518801944805944
postcss,0.5186360095850833
clone-deep,0.5185195298040174
locate-character,0.5180889727794917
safe-array-concat,0.517955858320834
raf,0.5179433355792267
bidi-js,0.5178464402656454
lodash.merge,0.5178138253146101
strip-json-comments,0.5177876580484438
aproba,0.5176716363604832
globalthis,0.5174264925332354
get-stream,0.5172893848666512
err-code,0.5172507703258812
set-value,0.5172257170971744
babel-plugin-polyfill-regenerator,0.5171570480097075
css-select,0.5170854855385368
estree-walker,0.5169490236734066
toidentifier,0.5168054080168015
iterator.prototype,0.5167530248148965
loglevelnext,0.5166769837446679
@surma/rollup-plugin-off-main-thread,0.5165607054941327
limiter,0.5165072062560774
asap,0.5164544235489176
@webassemblyjs/wasm-opt,0.516372896890888
ansi-styles,0.5162083368268698
for-in,0.5160455499021908
@jridgewell/trace-mapping,0.5159827823263445
request-promise-native,0.5158917785077703
telecom-mas-agent,0.5158060031239455
@types/estree,0.515735200642112
throat,0.5154329897400429
@types/istanbul-reports,0.5152709298845836
union-value,0.5152699902886759
is-extendable,0.5152550411897493
entities,0.5152499762604354
@types/minimatch,0.5151857438742415
concat-stream,0.5151764603429083
big.js,0.5148872371950347
fontkit,0.5148281235267251
array-unique,0.5145928064939077
proxy-agent,0.5142760500638645
parseurl,0.5142279657087888
idb,0.5141925210228842
querystring,0.5141680586534112
@types/glob,0.5139936720507474
@protobufjs/float,0.5138860029786696
basic-ftp,0.5138153216257937
lowercase-keys,0.5137912802202806
arraybuffer.prototype.slice,0.5136157750931559
@types/istanbul-lib-report,0.5134773332125981
decamelize,0.5133623574899994
object-keys,0.513285360931512
wrap-ansi,0.5130851352166714
extend-shallow,0.5130761882251005
@protobufjs/pool,0.5130199155926081
minipass-sized,0.5129889435610223
pure-rand,0.512918827878397
@protobufjs/eventemitter,0.51290951931712
@protobufjs/base64,0.512899545364097
through2,0.5128243016686873
@protobufjs/utf8,0.5128128597962265
split-string,0.5128036500676102
string-width,0.5127180180129131
find-up,0.5126744373667632
jsonpointer,0.512664171206086
tweetnacl,0.5126392723432306
@protobufjs/path,0.5125917087368159
@protobufjs/codegen,0.5125819049397232
ansi-regex,0.5124592229339509
jackspeak,0.5124540755870418
typed-array-buffer,0.5124181611310357
dns-packet,0.5123431680355603
aws4,0.5121358016253486
@types/yargs-parser,0.5119360783865318
html-minifier-terser,0.5118588727440041
decimal.js,0.5117979211381284
@types/stack-utils,0.5117335351835015
is-fullwidth-code-point,0.5116430539401675
clsx,0.5115485408585131
@webassemblyjs/helper-wasm-section,0.5113728769573519
resolve,0.5112309093033208
json3,0.5111661740071558
minipass-collect,0.5109846959811225
babel-plugin-polyfill-corejs3,0.510870801619877
clean-css,0.5104477168901254
@types/graceful-fs,0.5101771490483732
lru-memoizer,0.5101375087391936
lodash.memoize,0.5101147671366746
read-pkg-up,0.5099731948505657
@types/qs,0.5099476413891306
string.prototype.repeat,0.509604569916418
normalize-path,0.5095923009914803
locate-path,0.5095439619772529
vendors,0.5095367586938073
array.prototype.reduce,0.5095103266602046
@webassemblyjs/helper-buffer,0.5094261204785606
stop-iteration-iterator,0.5093746839492813
@types/range-parser,0.5091244992110108
v8-compile-cache,0.5088103036150714
is-binary-path,0.5086492425440059
@types/jest,0.5085842649795487
@types/ws,0.5085002134010824
socks,0.5084940697913836
enquirer,0.5084373247554506
cli-width,0.5083987956728139
parent-module,0.5082327204266012
@types/prop-types,0.5080757409275933
@typescript-eslint/experimental-utils,0.5079657766291121
@types/babel__core,0.5079494823425065
typedarray,0.5078717997402294
mime,0.5078498123534826
lodash.uniq,0.5078349586290811
es-to-primitive,0.5076869326472914
pac-proxy-agent,0.507606519788256
@types/json-schema,0.507530283887856
@istanbuljs/load-nyc-config,0.5071388894494495
make-dir,0.5070348538008136
smob,0.5068496569955712
for-own,0.5068436311648638
@types/normalize-package-data,0.5068245505146709
snapdragon,0.5066629931251925
hyperdyperid,0.5065006398663028
source-map-support,0.5064878921303452
before-after-hook,0.5062998786762309
strnum,0.5061228355623175
wrappy,0.5060763827696582
@types/istanbul-lib-coverage,0.5059693418112913
@types/aria-query,0.5058684533264438
minimatch,0.5058325908378066
normalize-url,0.5050750758877888
date-fns,0.5049546380261365
eventemitter2,0.5049520764406481
restructure,0.5049403929399295
mpath,0.5049066362438258
babel-plugin-polyfill-corejs2,0.5049007025254569
lodash.debounce,0.5047420762413191
make-error,0.5047364648633652
shellwords,0.5046965454075435
bignumber.js,0.5046858811167534
@types/resolve,0.5046469364160412
pump,0.5046031356975786
@types/retry,0.5045301367116565
leven,0.5044569368131213
url-parse,0.5044115669213289
regjsparser,0.5044015955309289
lodash.isplainobject,0.5043307527460642
assign-symbols,0.5043243154697207
svg-parser,0.5042882043179724
lodash.sortby,0.5042515838378051
@webassemblyjs/helper-wasm-bytecode,0.5041674395017499
buffer-crc32,0.5040492737992625
mem,0.5039951140653821
@octokit/auth-token,0.5039437306821399
postcss-load-config,0.5039194477579707
y18n,0.5038684635917626
estraverse,0.503865399350659
global-directory,0.5036402851417106
is-symbol,0.5035536872650683
run-async,0.5035074264606836
bser,0.5035030779555946
@types/q,0.5034700685948366
spdy-transport,0.5034054354798098
is-promise,0.5033496638939997
stack-utils,0.5033243956686373
@colors/colors,0.5033112782451895
kuler,0.5032729006601548
esquery,0.5032658152647984
coa,0.50302111697337
cacheable-lookup,0.5029736449523259
text-hex,0.5028954881382641
@cypress/request,0.5028898915974999
@types/html-minifier-terser,0.5028495848864587
node-domexception,0.5028339621930845
obliterator,0.5028233164982321
is-weakref,0.502771705660135
@types/unist,0.5025135065575597
defined,0.5023740192164756
redis-parser,0.5022360415863651
array-buffer-byte-length,0.5022038008708413
yn,0.5021068857337705
is-docker,0.5020726394113234
fraction.js,0.5019227984476989
get-symbol-description,0.5018733746619849
function-bind,0.501807751773705
symbol-observable,0.5017647683298446
co,0.5016971752861951
lodash.isstring,0.5016386348730187
retry-as-promised,0.5015690009568791
nanoid,0.5015596261654279
@sendgrid/helpers,0.5014514655593695
nwsapi,0.5014359618233187
extract-zip,0.501429665041084
@types/bonjour,0.5013980540028347
@types/sockjs,0.5013953260664126
sort-keys,0.5013868788572511
lodash.once,0.5013487652311122
@sinclair/typebox,0.5013088557661497
debug,0.501267061346937
@jridgewell/sourcemap-codec,0.5011137776139326
concat-map,0.5010101261447929
@types/http-errors,0.5008076559295623
fsevents,0.5007281052141118
chalk,0.5006218102473345
eslint-plugin-react,0.5005533636983452
mnemonist,0.5005374419026812
is-regex,0.5004824933129356
querystringify,0.5004652104484518
@types/scheduler,0.5002842436947497
pkg-up,0.5001916213141336
is-primitive,0.5001264555281617
is-svg,0.500026294986077
@types/eslint-scope,0.49998452263193394
bytes,0.4998326909156927
@jridgewell/gen-mapping,0.49969955512334063
fn.name,0.4996691123129288
simple-swizzle,0.499542838898118
unicode-canonical-property-names-ecmascript,0.49931202045457623
axobject-query,0.4993044429182814
lodash.isboolean,0.4992240262178473
del,0.4992222443807687
@sindresorhus/merge-streams,0.4992137225553773
@types/trusted-types,0.4991340949423124
is-plain-object,0.49906653388812483
array.prototype.findlast,0.4989771987354593
@babel/plugin-syntax-top-level-await,0.4989404340426715
lodash.clonedeep,0.4989194864763277
strip-ansi-cjs,0.4988453302894189
formdata-polyfill,0.49870324752222783
lodash.includes,0.4985976303861355
stringify-object,0.4985648550704447
lodash.isinteger,0.4985366898220856
@hapi/joi,0.4985086416094576
lodash.isnumber,0.4984910350896186
chrome-trace-event,0.49830127832774396
is-date-object,0.4980982921264958
detect-port-alt,0.4980324041862462
is-descriptor,0.49803086680088604
@octokit/plugin-request-log,0.49792929736880653
oauth,0.4977675810785861
query-string,0.49768525211747394
escape-html,0.4975914574435664
postcss-font-variant,0.4973383037654235
@types/debug,0.497178551746264
oauth-sign,0.49710448961003045
redis-errors,0.49709580984990154
acorn-jsx,0.49705060765711157
eventemitter3,0.496965856676658
detect-libc,0.49688906836865554
tslib,0.4968443143709059
synckit,0.4968114755732326
doctrine,0.4964918232778895
lodash.defaults,0.49644432620774276
@babel/plugin-syntax-class-properties,0.49631001621070453
events,0.49598572075100955
module-details-from-path,0.49598268336178397
p-limit,0.49584492862366947
meow,0.49583336403760014
css-tree,0.4957799407527545
rfdc,0.4955641692070932
tiny-inflate,0.4954944715523524
numbered,0.49542995821081204
spdx-expression-parse,0.4954233075487201
node-abort-controller,0.49537328370541095
@ungap/structured-clone,0.49518758918356176
@types/body-parser,0.4951609506632966
address,0.49510219598541405
d3-hierarchy,0.4950458956840525
arch,0.4945624098692621
@types/node,0.49448762557096326
spdy,0.4943536598567028
jsx-ast-utils,0.49432439338898587
map-obj,0.4942194643070864
lodash.isarguments,0.49407714802918196
http2-wrapper,0.4939794920208603
css-declaration-sorter,0.49385653399930185
fill-range,0.49384398107597444
dot-prop,0.4937731087409849
@babel/preset-env,0.4937299540952325
@types/ms,0.4936769114334516
stackframe,0.493552012773173
yargs,0.49343973431415383
https-proxy-agent,0.4932080367859446
ora,0.49289469576162326
url-parse-lax,0.4928618986637523
cli-table3,0.49278391886214296
agent-base,0.49263562376572567
get-uri,0.4926225220370076
is-absolute-url,0.4926059378260953
set-function-name,0.49247791376809846
d3-dsv,0.4923767732487125
@babel/plugin-syntax-import-meta,0.4922573176861411
combined-stream,0.4922544298125013
@types/jsonwebtoken,0.49212710780925684
os-locale,0.4919630223160257
filesize,0.4918682024933516
original,0.49176198290883993
@types/yauzl,0.4917481826223318
assertion-error,0.4917235582609786
string-width-cjs,0.4916837637128886
d3-axis,0.4916812365658772
string_decoder,0.4916510354764651
strip-indent,0.49139012499658696
d3-random,0.4913866289621463
d3-polygon,0.4913241299540279
string.prototype.trimstart,0.4912639083334199
engine.io-parser,0.49118226166430756
internal-ip,0.49098156848077834
randombytes,0.4908818841902502
@types/http-cache-semantics,0.4907844887015289
dom-serializer,0.4906927355814303
@rtsao/scc,0.4905947239620432
jpeg-exif,0.4905885193758994
wrap-ansi-cjs,0.4904074776744819
isobject,0.4904070482310481
p-retry,0.4901601940466652
is-ci,0.4901110757306179
css-what,0.4900532495027159
jiti,0.4899526069075655
caller-callsite,0.48984192391575454
error-stack-parser,0.4897547014546642
@types/whatwg-url,0.48971440530416377
prop-types,0.4896160488553658
@jridgewell/source-map,0.48954702793719984
split-on-first,0.48948094783399987
css-loader,0.4891798391292392
flatten,0.48896376282426995
bull,0.48864449744301663
form-data-encoder,0.4886346242234544
@babel/plugin-proposal-class-properties,0.48849660736918465
dashdash,0.4879961669787791
@babel/plugin-syntax-bigint,0.48782942346954794
node-releases,0.48754610370477336
strtok3,0.4875362003928969
quick-lru,0.48752946679938536
one-time,0.48745892906110694
@types/webidl-conversions,0.4874573528199063
json-stringify-safe,0.48729848490580835
istanbul-lib-report,0.4872209974031437
@types/express-serve-static-core,0.4870200751792456
for-each,0.4865985867247749
is-generator-function,0.486554460362448
esm-env,0.48644038391404465
postcss-media-minmax,0.486403208234449
tmp,0.48639858634170396
string.prototype.trimend,0.4863413674235026
react-scripts,0.48620219911680645
readable-stream,0.4861690962132262
socket.io-parser,0.4861613076762486
style-loader,0.4859489723327754
@babel/helper-get-function-arity,0.4859270166283716
fast-fifo,0.4858661913732243
decompress-response,0.4855971308071967
fresh,0.485172800273205
d3-interpolate,0.4851345529763127
cli-spinners,0.4851155900276579
loader-utils,0.48509183006775874
@babel/helper-explode-assignable-expression,0.4850290625737159
es-errors,0.48496936776547284
merge-descriptors,0.48484185919408795
cheerio-select,0.4847709125615041
ajv,0.48469867981211806
sift,0.48466067915416405
@babel/plugin-proposal-private-methods,0.4845714084808579
node-fetch,0.48456854319136616
flat,0.48454206042124676
log-symbols,0.48449596713685394
cookie-signature,0.48439751167831063
@babel/helper-plugin-utils,0.48438092253014503
cssnano-util-raw-cache,0.48401034719859615
d3-array,0.4835149472029044
etag,0.4834176775929241
@babel/plugin-syntax-object-rest-spread,0.4831982508555273
w3c-hr-time,0.48311285686843064
is-typed-array,0.48294859493360426
camelcase,0.48293236266172734
cssnano-util-get-match,0.48290374347840326
untildify,0.48287479070346395
cssnano-util-get-arguments,0.4828711027465962
@babel/plugin-syntax-optional-catch-binding,0.4828420916085382
cssnano-util-same-parent,0.48280777279788556
tar,0.4827630431967348
hasha,0.4826749080068802
eslint-plugin-jsx-a11y,0.4826545661495053
@babel/plugin-syntax-json-strings,0.4825138117702767
@babel/plugin-syntax-async-generators,0.48234581783777597
underscore,0.48230118255285465
@protobufjs/fetch,0.48210035612271895
@types/tmp,0.481882253931451
@types/uuid,0.4818343906329744
sockjs,0.4815961805971765
d3-transition,0.48158415537240457
source-map-loader,0.4815038727992113
brace-expansion,0.48145619726608196
@babel/plugin-syntax-nullish-coalescing-operator,0.481429071665982
is-finalizationregistry,0.4813986971248987
@babel/plugin-syntax-optional-chaining,0.4812452375006614
@babel/plugin-syntax-numeric-separator,0.4810886368416118
engine.io,0.4809343318331066
humanize-ms,0.480890800312
p-timeout,0.48069980970842885
babel-runtime,0.48062999491736774
handlebars,0.48047390705046783
@babel/plugin-proposal-optional-chaining,0.4803725414357117
merge-stream,0.4803455760945868
@babel/helper-split-export-declaration,0.4802093015475262
msgpackr,0.48012612622713235
yauzl,0.480101834462653
file-loader,0.48007970196727906
infer-owner,0.47999861821083173
token-types,0.47998021218014
pretty-ms,0.47975501432754686
postcss-modules-extract-imports,0.4797235091488556
@types/sizzle,0.4793204047775319
css-selector-tokenizer,0.4792218334727388
node-pre-gyp,0.4791214853438803
pretty-bytes,0.47906152621877296
http-parser-js,0.47896995000391857
@babel/plugin-syntax-logical-assignment-operators,0.4789550342611682
braces,0.4787600250421293
content-type,0.4787322571779843
@babel/plugin-proposal-private-property-in-object,0.47842709116335896
sax,0.4783150104305869
global-prefix,0.47828487271038583
d3-scale,0.4782172563808767
function-timeout,0.47809660634916373
@babel/plugin-proposal-async-generator-functions,0.47799792350613024
@sinonjs/commons,0.47795600076202593
util,0.4779449408852517
encodeurl,0.47789804512395145
@csstools/normalize.css,0.47789174292111986
@babel/plugin-proposal-object-rest-spread,0.4778241152942468
webpack-dev-server,0.4777919022057742
terser,0.47777264139484565
@kurkle/color,0.4777549419683118
@types/triple-beam,0.4776243754356825
url-template,0.4771740110155825
micromatch,0.47712098940875763
@babel/plugin-syntax-private-property-in-object,0.476861936981546
interpret,0.47671633791624685
diff,0.47652651349468167
binary-extensions,0.4764960647526116
@babel/plugin-syntax-class-static-block,0.476386765455769
d3,0.47628018527508426
safe-stable-stringify,0.4762762625514726
get-value,0.4761858076571307
clean-stack,0.47597925583599787
socket.io-adapter,0.4759269902899955
babylon,0.47555297902289523
globby,0.475394566452088
@types/http-proxy,0.47539414236650257
cli-truncate,0.4752554597312756
universal-user-agent,0.4752387051934961
run-applescript,0.4751870464980621
autoprefixer,0.47512021297487683
test-exclude,0.47506645949130527
rxjs,0.4749694157328917
environment,0.4749050103138659
domexception,0.47489298706684857
object-assign,0.4746319908515179
babel-types,0.47429984975837575
fb-watchman,0.4738702701411914
shallow-clone,0.47383316812539966
extend,0.47379940160879647
p-map,0.47367309636015875
expand-brackets,0.47365788023144856
postcss-image-set-function,0.4735089180840744
camelcase-keys,0.4734220881718445
@babel/helper-environment-visitor,0.47334766756292596
open,0.4730341898713911
listr2,0.4728949683221677
file-entry-cache,0.47285181821194566
object-inspect,0.47277428037268926
@hapi/bourne,0.4726722415470999
url-loader,0.47263985295197286
postcss-place,0.4723783539812378
eslint-import-resolver-node,0.47225188682040614
@types/serve-static,0.4721376932054413
is-data-descriptor,0.47213505975463493
d3-force,0.47199740655495276
color-convert,0.47196829611081836
is-accessor-descriptor,0.4718919922786476
jest-serializer,0.4717350434148861
cors,0.47172830976484786
socks-proxy-agent,0.4715001127312229
postcss-overflow-shorthand,0.47149484466558217
@dabh/diagnostics,0.47141022247668973
mitt,0.47139777769810454
call-bound,0.4712931235279989
eslint-plugin-import,0.4710914471449808
@sindresorhus/is,0.47103267960083983
postcss-gap-properties,0.4710226101030834
stack-trace,0.4708812415753172
@babel/plugin-proposal-nullish-coalescing-operator,0.4708496587593397
get-own-enumerable-keys,0.47077069717120656
css-prefers-color-scheme,0.4707437609857121
aria-query,0.4705718416294458
js-yaml,0.4704721178765656
is-reference,0.47039389392931663
@types/connect-history-api-fallback,0.47035431733017974
yargs-parser,0.47034483667083665
d3-zoom,0.4703280171245557
end-of-stream,0.4702346387420159
d3-dispatch,0.47013378367292274
anymatch,0.47006973259840273
is-number,0.47002604843873813
@babel/helper-regex,0.4699764004905764
minizlib,0.4699743273194651
chardet,0.46996335019980684
is-glob,0.46979030259973303
send,0.4697008024830532
cron-parser,0.4694142556178028
d3-timer,0.46932136855517964
@types/yargs,0.46921397915206964
postcss-env-function,0.46921115098914584
is-async-function,0.4691660579448719
react-dev-utils,0.4691635941788517
hermes-estree,0.46915812851083705
mimic-function,0.4691530601349233
yocto-queue,0.4691492823906507
@babel/plugin-proposal-numeric-separator,0.46914104513764976
@babel/plugin-proposal-unicode-property-regex,0.46908458532142605
forever-agent,0.468993880937674
promise,0.4688009717472823
find-up-simple,0.4686864016538743
slice-ansi,0.4685547803686907
is-arrayish,0.4685153036375578
@types/luxon,0.46849072655535684
postcss-modules-scope,0.4681034622722349
dayjs,0.4678462020764593
d3-brush,0.46776985223877093
icss-utils,0.4676899752609281
d3-path,0.46765856584772064
postcss-pseudo-class-any-link,0.4674576490291263
istanbul-lib-coverage,0.4673597085515345
css-blank-pseudo,0.4673370511333345
postcss-focus-visible,0.4673240521230972
postcss-dir-pseudo-class,0.4673026669742458
postcss-focus-within,0.46728264659618274
read-pkg,0.4671948052449816
mime-db,0.4671490994702024
emittery,0.46699288412677575
follow-redirects,0.4668337927545418
@csstools/postcss-font-format-keywords,0.46679449306387105
ansi-escapes,0.4666587815220583
@emotion/memoize,0.46665235643324693
flat-cache,0.4665350991292586
rimraf,0.46653042786208543
pirates,0.4662929563219829
@noble/hashes,0.4662547837846647
pvtsutils,0.4661737798467763
postcss-normalize,0.466053551105364
@babel/highlight,0.46575802115437054
cliui,0.4656755898543206
color,0.4655702898914831
@csstools/postcss-normalize-display-values,0.46556846451298445
@types/babel__template,0.4652218652570176
whatwg-encoding,0.46516817048607323
base64id,0.4651670244521138
lightningcss-linux-x64-musl,0.46513538692432865
crypto-js,0.4650312421988745
@csstools/selector-specificity,0.4650123831024901
tough-cookie,0.4646915646570901
negotiator,0.46465082874339364
lodash.templatesettings,0.46443354596083447
whatwg-mimetype,0.46439205917523885
d3-color,0.46425265401136656
@types/babel__generator,0.4641696794910185
async,0.46413780550864675
core-js,0.4640108885950812
@babel/plugin-syntax-unicode-sets-regex,0.46399137104471505
d3-delaunay,0.46395814702084476
color-string,0.46391056302542166
@types/babel__traverse,0.4638953706397162
pathe,0.4638831661469177
@protobufjs/inquire,0.463552715030477
hasown,0.46340733397340284
@protobufjs/aspromise,0.4629015878543064
@csstools/postcss-unset-value,0.4627993634082694
eventsource-parser,0.4625349831014537
http-proxy,0.46232820013974135
inflection,0.46225501814704967
babel-plugin-syntax-object-rest-spread,0.4622286171124189
compressible,0.4621715108063526
google-auth-library,0.46208122304541677
glob,0.4618435698502861
@types/react-dom,0.46154517540626006
@csstools/postcss-nested-calc,0.4614880141614183
css,0.46138889683470075
ts-api-utils,0.4611133694362991
get-tsconfig,0.4607509627291325
@babel/plugin-proposal-class-static-block,0.46072897226614346
@istanbuljs/schema,0.46056792413178144
d3-time,0.4605069025162911
postcss-color-rebeccapurple,0.4604231647726054
postcss-color-hex-alpha,0.460419236906134
acorn,0.46029866181708784
babel-preset-react-app,0.45976427711001217
babel-loader,0.4596459374787397
dezalgo,0.4596082675446807
got,0.4595069269231298
@types/connect,0.45948665416351475
postcss-attribute-case-insensitive,0.4593620432356556
protobufjs,0.45925664296975005
acorn-import-attributes,0.4591436443311965
socket.io,0.4590824657031391
gaxios,0.4588920363314737
d3-drag,0.45881829758124865
compression,0.45879076702127036
date.js,0.4585591650130265
fetch-blob,0.4584417037730768
@octokit/rest,0.4580807531361658
streamx,0.45794574790471065
foreground-child,0.45775853096191643
schema-utils,0.45767311766834573
uuid,0.45750054283680436
@ampproject/remapping,0.4574807858763416
@octokit/openapi-types,0.45744656714663534
postcss-logical,0.45744487913407134
@octokit/plugin-paginate-rest,0.45739080759113604
morgan,0.45719991645202435
sharp,0.4571381804741341
@types/jsdom,0.4567490762789813
@octokit/plugin-rest-endpoint-methods,0.45667587140455
chai,0.45660692760650967
d3-selection,0.4565115426796034
farmhash-modern,0.45596665200561914
agentkeepalive,0.4554309051341541
eslint-config-react-app,0.45541947481475265
@octokit/types,0.4549178191977665
methods,0.4548049212672683
package-json-from-dist,0.45470718716322633
snapdragon-capture,0.4546786190164037
emoji-regex,0.4545854914967559
is-array-buffer,0.4544294246760054
es-object-atoms,0.45438759932330064
component-emitter,0.4542958241932482
unicode-match-property-value-ecmascript,0.45428891854627573
postcss-selector-not,0.45411306228181264
acorn-walk,0.4539643468803633
brotli,0.45366309445493136
helmet,0.45365047193924385
webpack-sources,0.4532233878475777
fast-xml-parser,0.4531169475040331
csso,0.45294831286099624
@types/sinonjs__fake-timers,0.4529479364655792
iconv-lite,0.45277467845138214
esrecurse,0.4527110933589647
bluebird,0.4525456727125756
core-js-pure,0.45245997952569283
dotenv-expand,0.4520512924671518
on-headers,0.45204160269223886
postcss-modules-local-by-default,0.45173738729255003
@types/serve-index,0.4516814545578587
responselike,0.451526038960938
unicode-property-aliases-ecmascript,0.45136389792787995
get-proto,0.4512725230662946
bcryptjs,0.4511726855458864
d3-ease,0.45114566860627886
human-interval,0.4511295020318992
postcss-modules-values,0.4508978070138739
@octokit/core,0.45078804682295437
set-cookie-parser,0.45063764470283596
dunder-proto,0.4502759187614831
dedent,0.4501774062928802
svgo,0.45012381109872984
acorn-globals,0.44986929396903
collect-v8-coverage,0.449696453768073
@babel/helper-define-polyfill-provider,0.4496266706061825
picomatch,0.4495629968155766
gauge,0.4495444731538634
caseless,0.4495151844768274
shell-quote,0.44946925021297507
postcss-calc,0.4493992653935745
@humanfs/core,0.4490918685095828
@sec-ant/readable-stream,0.44907228907480823
postcss-nesting,0.4490305518056225
ws,0.4487615501849642
spdx-correct,0.4486351439388167
bn.js,0.4482908189081862
d3-shape,0.44800620985564926
@babel/helper-function-name,0.44770828887664066
@types/cors,0.4476898139973965
confusing-browser-globals,0.44766272646965793
d3-time-format,0.44764824758061045
@types/react,0.4475216238886608
systeminformation,0.4471463282099736
ts-node,0.44696307491204945
@babel/preset-modules,0.4468371695982705
babel-plugin-dynamic-import-node,0.44676906439976566
react-app-polyfill,0.44645244284869084
d3-format,0.4464366342270917
portfinder,0.446333724906995
chokidar,0.4462642617778696
log-update,0.44623775076899697
core-js-compat,0.4460128830469513
serve-static,0.44582214969789913
possible-typed-array-names,0.4455812128598934
tapable,0.44544516027139297
@rollup/plugin-terser,0.4454413039544958
type-is,0.44472008727286455
are-we-there-yet,0.44458873403634397
triple-beam,0.4443006694593828
d3-quadtree,0.44410272687921787
@jest/types,0.44407659067136923
ipaddr.js,0.4440100032600037
@babel/types,0.44398349539431803
glob-parent,0.4438793897327387
file-type,0.4438422066587653
npmlog,0.44363996141916234
@babel/plugin-syntax-dynamic-import,0.4435681133569387
diff-sequences,0.44347471422670787
watchpack,0.4430168513741288
@swc/helpers,0.44297947219563394
@babel/traverse,0.4426087544909544
react-error-overlay,0.44256645335082373
jest-get-type,0.44198175822182595
d3-chord,0.44194437644332
mini-css-extract-plugin,0.44176772722244967
osenv,0.44133585921307456
d3-fetch,0.4412156666647193
@types/lodash,0.44109595286705106
browserslist,0.4407492786129372
@hapi/formula,0.4407089880518026
@hapi/pinpoint,0.44068065930208516
recursive-readdir,0.44065938458771664
eslint-config-prettier,0.44062554948887944
@csstools/postcss-stepped-value-functions,0.44057096681631774
path-scurry,0.440478179484747
parse5,0.440452985491758
@sendgrid/client,0.43996909466019085
@sendgrid/mail,0.4398616814955052
@csstools/postcss-trigonometric-functions,0.4398233025625405
side-channel-weakmap,0.439713144580704
type-fest,0.4396802261067685
side-channel-map,0.4389164225220926
postcss-merge-longhand,0.438846643051457
@csstools/postcss-is-pseudo-class,0.4388389296497896
regexpu-core,0.43882837793673724
progress,0.4387651549699499
lodash._reinterpolate,0.43873813287790664
anser,0.43861268144215526
babel-plugin-named-asset-import,0.43855500297127714
ci-info,0.43823179705985654
ajv-formats,0.43801809401193814
postcss-custom-media,0.437770989329106
postcss-reduce-transforms,0.437535629282323
@babel/plugin-syntax-export-namespace-from,0.4373123815693447
postcss-custom-properties,0.43726114905135754
default-browser,0.4371324845748443
basic-auth,0.43707373003627775
ip-address,0.4370514420760253
postcss-normalize-whitespace,0.43704569735080673
@types/readable-stream,0.4370383831508323
postcss-normalize-string,0.43681587483883294
postcss-normalize-positions,0.4367914721948724
postcss-normalize-repeat-style,0.43670924468503286
@pmmmwh/react-refresh-webpack-plugin,0.4366530181279952
postcss-normalize-charset,0.4366519773089323
postcss-normalize-display-values,0.4366003127341171
logform,0.4365939658314182
d3-contour,0.4365887991491712
postcss-normalize-timing-functions,0.43649718006490507
lru-cache,0.436443851099348
@babel/core,0.4364229556965277
bytestreamjs,0.43621210817747386
@jest/source-map,0.43619564854479803
range-parser,0.43613315979775585
aws-sdk,0.4361281753996403
@jest/reporters,0.43612447946591093
@jest/core,0.4361064776565295
jest-config,0.43601852646130074
fs-extra,0.43600181887937756
semver,0.43598280075352147
postcss-normalize-url,0.43592715400996723
postcss-minify-font-values,0.4359030646244067
@csstools/css-tokenizer,0.43589244666587873
es-define-property,0.43585238376946367
postcss-unique-selectors,0.4358031323371074
@babel/plugin-proposal-optional-catch-binding,0.4357227142925593
formidable,0.4353236023029155
call-bind-apply-helpers,0.43527244548822774
@babel/helper-define-map,0.4352643162015238
postcss-discard-duplicates,0.43508534376990976
@csstools/css-parser-algorithms,0.43502297581925503
postcss-discard-empty,0.4349459464199991
@eslint-community/eslint-utils,0.4348161354117333
@babel/plugin-proposal-json-strings,0.43472018059543344
kareem,0.4347007762010229
postcss-discard-overridden,0.4343871450839429
jest-snapshot,0.4343316175496054
eslint-webpack-plugin,0.4342726483588705
@csstools/postcss-cascade-layers,0.4342683155367007
dom-accessibility-api,0.4342607216542317
postcss-custom-selectors,0.4339388279672881
jest-message-util,0.4338384402839264
@jest/schemas,0.433328190669169
static-eval,0.4332004851352452
stdin-discarder,0.4330913443898843
safe-push-apply,0.432866434384105
inflight,0.43265750081163523
normalize-package-data,0.4326049936622758
presentable-error,0.4324861812565405
yaml,0.43215545169615066
@babel/plugin-proposal-dynamic-import,0.4319549847218715
postcss-minify-gradients,0.4318156441747774
@babel/plugin-proposal-logical-assignment-operators,0.4316695364058984
immutable,0.4312227990753954
default-browser-id,0.4311432062372299
jake,0.4311025187787472
path-to-regexp,0.43106497728211157
css-has-pseudo,0.430912178395412
@octokit/request,0.4308108680884747
@babel/plugin-proposal-export-namespace-from,0.4306403630332121
is-network-error,0.43025230434715434
sequelize-pool,0.43011094971125347
is-data-view,0.4300983558681234
fs-minipass,0.43007174256126884
cheerio,0.4298718328533812
typed-query-selector,0.4298127973067839
xml-name-validator,0.42964568901995975
@types/validator,0.4296120523107986
jest-regex-util,0.42960580566729184
get-east-asian-width,0.4296053272875674
@hapi/topo,0.42955668425634397
router,0.42945356568873916
minimist,0.42938879009707026
jest-runtime,0.42938659664537954
cidr-tools,0.42938359960240446
@babel/helper-create-regexp-features-plugin,0.4293684067210099
tar-fs,0.42928900192624453
source-map,0.42927620745103506
pretty-format,0.4289484491097838
luxon,0.4287894766974297
babel-plugin-istanbul,0.4287711331461461
jest-util,0.4286130495796237
tar-stream,0.42851532466343645
execa,0.42847547080587994
q,0.42828580112052084
w3c-xmlserializer,0.428047774557757
pg-connection-string,0.42797623794365075
jest-runner,0.4278073413595229
postcss-svgo,0.42762241644171645
eslint,0.42762128028272584
@babel/helper-hoist-variables,0.42760931968401494
uint8array-extras,0.42750666501937495
tunnel-agent,0.42746728211418134
string.prototype.includes,0.42745811477306567
@eslint-community/regexpp,0.42743373619994934
statuses,0.42741975594627685
@octokit/endpoint,0.4273046062293008
is-identifier,0.4271594492029803
@jest/transform,0.42710338658295716
lodash.template,0.42684856154605383
d3-geo,0.4267935228617506
asn1js,0.42674241625835935
@aws-crypto/sha256-browser,0.4265337117173112
@rollup/pluginutils,0.42598020989662694
@babel/helper-compilation-targets,0.4259471692009101
delaunator,0.4256412746131022
ignore-walk,0.42552883127773733
jest-circus,0.42547690574755076
@types/send,0.42543939369331296
yoctocolors,0.4254335989600876
thingies,0.42540505786719873
eslint-visitor-keys,0.42531938679181686
index-to-position,0.42526104802028264
@smithy/types,0.42482884290230927
@isaacs/brace-expansion,0.42482737873862475
request,0.42474897392736444
@csstools/postcss-logical-resize,0.42462609354500497
encoding-sniffer,0.4243685251821251
tr46,0.4243054156705417
fdir,0.42375786727734543
webpack-dev-middleware,0.42363549154205066
own-keys,0.423542586271338
@csstools/postcss-logical-float-and-clear,0.42322711010294756
eslint-scope,0.42321469423536073
@opentelemetry/api,0.4230535431737869
multer,0.42268357107796223
cssnano-preset-default,0.42259505714604106
node-addon-api,0.4225434432866511
@asamuzakjp/nwsapi,0.42251570567890295
postcss-ordered-values,0.42241063941361995
postcss-color-functional-notation,0.4224103573166679
@testing-library/dom,0.42231295524570744
postcss-lab-function,0.4222220006211269
loader-runner,0.42219245317806625
@isaacs/balanced-match,0.4220330566066711
postcss-loader,0.42200297623791244
@hapi/hoek,0.4219726282948316
babel-eslint,0.4219652055509432
d3-scale-chromatic,0.4219548436957537
jwa,0.42166827325631767
@apideck/better-ajv-errors,0.42157053969628183
googleapis-common,0.42144640518934984
cssnano-utils,0.42127537945663013
jest-worker,0.4212602488948044
@radix-ui/react-compose-refs,0.4212017756068587
jest-watch-typeahead,0.42102196335155434
postcss-minify-selectors,0.42068929385902337
@babel/helper-create-class-features-plugin,0.4203669652232336
ecc-jsbn,0.4201741904537399
unrs-resolver,0.4198947287973437
side-channel-list,0.419874908427038
p-queue,0.4197841507832373
@csstools/postcss-text-decoration-shorthand,0.41966390690654315
@csstools/postcss-scope-pseudo-class,0.41951133514363337
@aws-crypto/sha256-js,0.41928975024154463
web-worker,0.419152377396498
@pkgr/core,0.41857356821806224
super-regex,0.41854140022665176
@sinonjs/fake-timers,0.4185077192466834
memfs,0.41844186192947763
@csstools/postcss-progressive-custom-properties,0.4184015461395388
@octokit/graphql,0.4182999546324142
@babel/runtime,0.4181029845576307
data-view-byte-offset,0.4180659691974913
data-view-buffer,0.4179998756668035
babel-preset-jest,0.41796007776704514
nodemailer,0.4178715209001552
process,0.417539320990752
data-view-byte-length,0.41745820931138233
amqplib,0.4173964321942761
jest-leak-detector,0.4173836990393994
ms,0.41730188938926804
error-ex,0.4171084052330854
@babel/helper-annotate-as-pure,0.4170950149914018
@babel/helper-call-delegate,0.41706846557664334
launch-editor,0.41700691029189935
@babel/helper-builder-binary-assignment-operator-visitor,0.41696974369799394
babel-plugin-jest-hoist,0.41696706401426853
istanbul-reports,0.4165270353669565
@jest/fake-timers,0.4161781998330367
jest-haste-map,0.41604913552461953
espree,0.4160231716685551
set-proto,0.4159002959005773
url,0.41552986474475173
@babel/code-frame,0.4154116385770617
babel-jest,0.4153579259859016
@csstools/postcss-color-function,0.41530680888940874
@smithy/util-utf8,0.41526808606373794
@csstools/postcss-oklab-function,0.4152401074255865
@csstools/postcss-hwb-function,0.41523782472989335
@aws-sdk/types,0.4150599315291196
jest-jasmine2,0.41468586034066035
@babel/helper-module-transforms,0.41414755921315105
acorn-import-phases,0.4141375184713457
bowser,0.4136889034435568
sass-loader,0.41363452333462636
webpack-manifest-plugin,0.4132889026027879
@babel/helper-module-imports,0.41305597550391626
whatwg-url,0.41300952792161916
@babel/generator,0.4124129873337027
expect,0.41239166440078023
@jest/test-result,0.41230914524988527
@babel/plugin-transform-runtime,0.4122940625581506
@csstools/media-query-list-parser,0.4118141300777077
@csstools/css-calc,0.41146632952320455
winston-transport,0.4112033251752157
webidl-conversions,0.41097926791447265
csstype,0.41095330416040815
html-encoding-sniffer,0.4108575340228579
jest-changed-files,0.41026403288018154
@csstools/postcss-logical-overscroll-behavior,0.41007737386209014
@jridgewell/remapping,0.4100128531725371
p-event,0.40970983477628453
@types/express,0.409635218370379
b4a,0.4095360851466667
jest-validate,0.40950791820136584
hosted-git-info,0.40948109721303794
csv-parser,0.4094198236780075
@csstools/postcss-logical-overflow,0.40941770353621415
@rollup/plugin-node-resolve,0.40939909354855464
@babel/plugin-transform-classes,0.40934451928172544
@babel/helper-skip-transparent-expression-wrappers,0.4090557138851685
@hapi/address,0.4088493099609784
jest-cli,0.40881321099437185
jest-resolve,0.40870590351454517
@isaacs/fs-minipass,0.40869843633436376
write-file-atomic,0.40865019324266155
spdx-license-ids,0.4081765408439281
color-name,0.40805180266531577
@babel/template,0.40789096744998815
cssstyle,0.40757365546791396
jest,0.4074853598546093
@babel/helper-remap-async-to-generator,0.40741823496007185
@babel/plugin-transform-async-to-generator,0.4067447545197068
postcss-double-position-gradients,0.40631199166358156
@babel/helper-validator-option,0.40630684038936915
@babel/parser,0.40616628917176584
jest-watcher,0.4061585997832392
@jest/test-sequencer,0.40583358297093597
ini,0.40570336506291704
dotenv,0.40545061589628484
@babel/preset-typescript,0.405410039175542
regenerate-unicode-properties,0.40537402586201726
globals,0.4052466072710156
undici,0.40524038544802055
@babel/helper-string-parser,0.40498441634023846
nopt,0.4049537040132047
tagged-tag,0.4047147623081375
update-browserslist-db,0.4046073701487779
abbrev,0.4042513999714195
@csstools/cascade-layer-name-parser,0.40385155076566376
axios,0.4038030972955147
hermes-parser,0.4036924851375891
@babel/preset-react,0.40363905187245414
@babel/plugin-transform-react-jsx-source,0.4036222542589154
jsdom,0.4032632021330038
ip,0.4031763208345687
readdirp,0.40291053768966045
json-parse-even-better-errors,0.40289861057267917
@babel/helper-validator-identifier,0.40266906860706336
math-intrinsics,0.4024195514428367
@babel/plugin-transform-react-jsx-self,0.40221662084288357
@jest/environment,0.40175895484066504
@babel/plugin-transform-react-jsx,0.4016444277509236
zod,0.40161292122944914
@csstools/postcss-media-queries-aspect-ratio-number-values,0.40152889721994917
@csstools/css-color-parser,0.4014162180149102
eventsource,0.40123407448884185
arg,0.40120841897099896
@csstools/postcss-media-minmax,0.40102864201116667
eslint-module-utils,0.4010170283727749
@babel/plugin-transform-modules-systemjs,0.40090016683279245
jest-docblock,0.4007020941960586
cjs-module-lexer,0.4003299097684503
magic-string,0.40026046740271626
@eslint/eslintrc,0.4001753477774391
@smithy/util-body-length-browser,0.40007232039026064
@tsconfig/node10,0.40002398554671
jest-diff,0.4000215888251053
@csstools/postcss-logical-viewport-units,0.39983520854237614
@babel/helper-replace-supers,0.3995569422707302
@babel/plugin-transform-typescript,0.3995494693092544
@babel/plugin-transform-react-constant-elements,0.3995383536311311
@csstools/postcss-ic-unit,0.3995013930650054
@smithy/util-body-length-node,0.399197243959701
@babel/runtime-corejs3,0.3991379145559062
@rollup/plugin-babel,0.39904187931220503
commander,0.39894060512018614
tldts-core,0.39887462042985944
@babel/plugin-transform-modules-commonjs,0.3985639669112767
@babel/plugin-transform-function-name,0.39844477657945093
jsonfile,0.3983390588442433
winston,0.3980033473641969
@borewit/text-codec,0.3979640580183468
@babel/plugin-syntax-jsx,0.39784084473525316
@babel/plugin-proposal-decorators,0.3978253486281375
@smithy/util-base64,0.3976465121159164
cacheable-request,0.3976277297476079
@babel/eslint-parser,0.3974154084199197
@babel/plugin-transform-modules-umd,0.3972736148746647
@babel/plugin-transform-spread,0.39726744541498127
@babel/plugin-transform-for-of,0.39696749373115886
@babel/plugin-transform-computed-properties,0.3969136706678321
jest-matcher-utils,0.3968175966052595
@babel/plugin-transform-object-super,0.39669978078025103
gtoken,0.3966212058979336
@octokit/request-error,0.396617828112541
@babel/plugin-transform-unicode-regex,0.39658309242127465
async-function,0.396567562549623
@babel/plugin-transform-named-capturing-groups-regex,0.39650638655553927
@babel/plugin-transform-modules-amd,0.3963449103804906
tinyglobby,0.396294893260963
@babel/helper-optimise-call-expression,0.39606525472528076
@floating-ui/utils,0.3958165433034907
@keyv/serialize,0.3957979736847056
tsconfig-paths,0.39551562733992146
@babel/plugin-syntax-typescript,0.39542917002369815
jest-mock,0.39534713831855434
napi-postinstall,0.39509120520267815
@humanfs/node,0.39503452465114075
npm-packlist,0.39490059317843756
unique-slug,0.3945331240735159
@floating-ui/core,0.3942581360968499
error-causes,0.39423287567248516
npm-bundled,0.3938910149250328
mdn-data,0.393677304332918
text-decoder,0.3936378875417016
@rollup/plugin-replace,0.39340087330532897
unique-filename,0.393235993506517
@csstools/color-helpers,0.3932098594451679
workbox-build,0.39320420504363984
fast-content-type-parse,0.3931508989667673
@tsconfig/node16,0.3931505718928129
@tsconfig/node14,0.39306108731268974
parse5-htmlparser2-tree-adapter,0.39303628055702305
@tsconfig/node12,0.3929433124899175
@img/colour,0.39273312849967656
esbuild,0.3925385502152895
tldts,0.39244399843732114
@jest/console,0.3923751297386873
@aws-crypto/util,0.3923701502564157
jest-environment-node,0.39234281688385186
npm-normalize-package-bin,0.3921771840336703
@aws-sdk/util-user-agent-browser,0.3920685869086221
@aws-sdk/util-locate-window,0.3917677125003481
import-in-the-middle,0.3915019737398577
form-data,0.39137599680863394
jest-each,0.39137419357227776
jest-environment-jsdom,0.3913495603886352
jose,0.39087860462710566
lodash,0.39044214075699113
stylehacks,0.39035032406650527
@floating-ui/dom,0.39013242739129156
cssnano,0.39008401234137896
content-disposition,0.3900674762890776
@babel/compat-data,0.3895035975855797
@npmcli/fs,0.38946252349766336
@babel/plugin-transform-flow-strip-types,0.3889871707011887
moment-timezone,0.38895124526308794
@babel/plugin-transform-dotall-regex,0.3888712750915066
@aws-sdk/middleware-recursion-detection,0.38858619762754154
postcss-selector-parser,0.38848714713382654
postcss-discard-comments,0.38805099052871755
@esbuild/linux-x64,0.38796157009412024
@jest/globals,0.38770420758885055
electron-to-chromium,0.38761872934409203
@babel/plugin-transform-react-pure-annotations,0.38748198164968706
@rushstack/eslint-patch,0.3874321739275501
@aws-sdk/middleware-logger,0.38712985663582883
leaflet,0.3870900324769134
pdfkit,0.3870162579490641
@smithy/is-array-buffer,0.3866773345706018
mquery,0.3865515480149389
data-urls,0.3865479735311468
@img/sharp-libvips-linuxmusl-x64,0.38616213003972866
unicorn-magic,0.3858890958775921
@csstools/utilities,0.3857276275918679
@babel/plugin-transform-destructuring,0.38570363916095124
@smithy/protocol-http,0.3856526801984614
@aws-sdk/middleware-host-header,0.3854801806270849
mime-types,0.38547242052877917
require-in-the-middle,0.38543022668362725
@img/sharp-linuxmusl-x64,0.3853877237585278
@humanwhocodes/retry,0.38496975660102084
@jest/expect,0.3845396703166141
jest-resolve-dependencies,0.3842096344399754
@babel/plugin-syntax-import-attributes,0.3838781287157278
@opentelemetry/instrumentation,0.38375351407106356
ip-bigint,0.3835653372056307
chart.js,0.38351501359063234
glob-to-regex.js,0.3833065650199524
@eslint/js,0.38300541323331727
@babel/plugin-transform-private-property-in-object,0.38269133750505124
postcss-preset-env,0.38180968288972317
@babel/plugin-transform-unicode-property-regex,0.38159820802403804
@aws-crypto/supports-web-crypto,0.3815521076354226
make-asynchronous,0.3815269621924001
@aws-sdk/util-endpoints,0.3814903390194735
postcss-colormin,0.38142234397735797
@smithy/node-http-handler,0.381356224034027
@babel/helper-member-expression-to-functions,0.38118899446297655
@babel/plugin-transform-parameters,0.3810034662718622
cypress,0.3804717500483984
http-errors,0.3802522244427436
fast-uri,0.38012504550118625
cookie,0.3801160871956443
@babel/plugin-transform-async-generator-functions,0.3798941852441988
@aws-sdk/util-arn-parser,0.3797427651482632
@babel/helper-wrap-function,0.37948614312472645
immer,0.37945308041429837
gcp-metadata,0.37923940096512393
@babel/plugin-transform-private-methods,0.37909147917495695
@babel/plugin-transform-class-properties,0.3790394499151541
@babel/plugin-transform-object-rest-spread,0.37902535848118774
@smithy/util-hex-encoding,0.37885078855039045
axe-core,0.3787120443249809
agenda,0.37852642411852
@babel/plugin-transform-unicode-sets-regex,0.37830390172938566
@babel/plugin-transform-class-static-block,0.37827586826580223
tinyexec,0.37826489299705723
make-fetch-happen,0.377890775622661
@smithy/node-config-provider,0.3777552823422731
@types/esrecurse,0.37772516078117047
devalue,0.37753836400372714
@aws-sdk/client-s3,0.37724010933684926
bson,0.37723680669446114
@smithy/util-config-provider,0.3772358672280777
@opentelemetry/api-logs,0.37719344516072145
identifier-regex,0.3771594932629362
postcss-merge-rules,0.37678556166337146
@smithy/fetch-http-handler,0.37672251914623633
@aws-sdk/endpoint-cache,0.3764342411544062
rollup,0.37615711600660795
@smithy/util-buffer-from,0.3760980856959641
@smithy/url-parser,0.37507210972922594
html-webpack-plugin,0.37500213823339323
@babel/plugin-bugfix-v8-spread-parameters-in-optional-chaining,0.37468931646806525
uglify-js,0.3746552321533304
@smithy/util-retry,0.37445207263756414
@babel/plugin-transform-react-display-name,0.3743153847326004
@aws-crypto/sha1-browser,0.37419422390534635
@csstools/postcss-gamut-mapping,0.37384377083417014
postcss-minify-params,0.3738286869953542
@emnapi/runtime,0.3738196651648049
@smithy/hash-node,0.3737096331981383
postcss-normalize-unicode,0.37366243281620876
@fastify/busboy,0.3735519231643384
@csstools/postcss-color-mix-function,0.37324860943631777
@smithy/invalid-dependency,0.3729390823266696
@csstools/postcss-gradients-interpolation-method,0.3728849096551635
@aws-sdk/client-sso,0.37282832623202233
postcss-convert-values,0.3722081528371239
eslint-plugin-react-hooks,0.3721089628693457
firebase-admin,0.37210139372093237
@csstools/postcss-relative-color-syntax,0.37186698578602523
eslint-plugin-testing-library,0.3717389989519836
@file-type/xml,0.3715854874551707
@smithy/middleware-content-length,0.37102337513517103
@smithy/middleware-stack,0.3708966630705456
@smithy/util-middleware,0.3706706216689271
sequelize,0.3704895269795205
node-schedule,0.37025827341690204
@smithy/config-resolver,0.37008744134851623
@aws-crypto/crc32,0.37005832391709864
@csstools/postcss-exponential-functions,0.36993186222323754
webpack,0.3697177558299506
enhanced-resolve,0.3689572523286757
serialize-javascript,0.3684198627118675
express,0.3684198149242349
assert-plus,0.3682777793012309
react-refresh,0.3681963531245509
cacache,0.3678086246485811
@babel/helpers,0.3674816316599942
tsyringe,0.36676699518768724
three,0.366441617462396
@babel/plugin-transform-optional-chaining,0.366153989028049
@radix-ui/react-slot,0.3660498273378593
@ioredis/commands,0.36580351423761825
selfsigned,0.36579547298948045
twilio,0.36563645580787885
@radix-ui/react-primitive,0.36512141362819595
undici-types,0.3650451552924661
@smithy/signature-v4,0.36492870748168416
minipass-fetch,0.36467233066594695
reserved-identifiers,0.36427429461759775
@smithy/util-uri-escape,0.36415340982656047
@babel/plugin-transform-block-scoping,0.3631150518422049
raw-body,0.36306385611287445
@babel/plugin-transform-template-literals,0.36273768976355775
@babel/plugin-transform-shorthand-properties,0.36271521652396677
@smithy/middleware-serde,0.36261117674239524
@babel/plugin-transform-exponentiation-operator,0.3624796662492892
@babel/plugin-transform-arrow-functions,0.3624111837968858
@babel/plugin-transform-literals,0.3623913730850333
@babel/plugin-transform-sticky-regex,0.36236423951833147
@babel/plugin-transform-regenerator,0.3622695644435627
@babel/plugin-transform-block-scoped-functions,0.36217761760403744
highcharts,0.36217121181471346
@babel/plugin-transform-new-target,0.36204973563591836
@babel/plugin-transform-member-expression-literals,0.3620404081238128
@aws-sdk/xml-builder,0.362022939179702
@babel/plugin-transform-property-literals,0.3619009168575012
@babel/plugin-transform-typeof-symbol,0.36182937039745955
@babel/plugin-transform-duplicate-keys,0.36171052882129917
@babel/plugin-transform-reserved-words,0.36161491845937277
chromium-bidi,0.361305932971175
@redis/client,0.3608630149453791
@aws-sdk/credential-provider-node,0.36062358841399406
@paralleldrive/cuid2,0.3605056668693148
tinyrainbow,0.36047619484063564
byte-counter,0.360445570126814
@babel/helper-simple-access,0.36017934738081003
@redis/search,0.3591126789790931
@redis/time-series,0.35910350163135446
which,0.35901239476372543
@redis/json,0.3589065666566378
@smithy/util-stream,0.358650560147174
@babel/plugin-transform-unicode-escapes,0.35862427090607885
body-parser,0.35860294009665616
@redis/bloom,0.35841247831590795
@rollup/rollup-linux-x64-musl,0.3583057618461086
@asamuzakjp/css-color,0.3581991795941536
finalhandler,0.35777662066855526
postcss-browser-comments,0.3575364667325541
postcss-reduce-initial,0.3573833821859639
@smithy/property-provider,0.3572040032617975
@csstools/postcss-initial,0.35692288518181253
@jest/expect-utils,0.35647934283428545
redis,0.35579641143980756
@rollup/rollup-linux-x64-gnu,0.35504720800916867
validator,0.3548139497708427
@babel/plugin-syntax-flow,0.35420144828042655
@babel/plugin-bugfix-safari-id-destructuring-collision-in-function-expression,0.35414366125079744
@babel/plugin-syntax-decorators,0.35408616266719484
@babel/plugin-transform-react-jsx-development,0.35396801347698503
@smithy/util-waiter,0.35387902958540735
mongodb-connection-string-url,0.35366212919362544
moment,0.35295820713380244
@opentelemetry/core,0.3520307297747369
workbox-sw,0.35193556265056203
@babel/plugin-syntax-import-assertions,0.35140494809708267
tree-dump,0.3509721737070032
@opentelemetry/resources,0.3507864053714616
generator-function,0.35017400429344675
@smithy/shared-ini-file-loader,0.3500561610430306
getpass,0.34939351116623973
@babel/plugin-bugfix-v8-static-class-fields-redefine-readonly,0.3486471355582259
@smithy/querystring-builder,0.3481147602705925
workbox-core,0.34749358762390176
@babel/plugin-transform-logical-assignment-operators,0.347309561950633
exit-x,0.3472923574915083
@babel/plugin-transform-numeric-separator,0.34725816520122915
@babel/plugin-transform-nullish-coalescing-operator,0.34725488058902226
eslint-plugin-jest,0.34724115754079155
mute-stream,0.34688276293768733
ssri,0.3468735979233896
@csstools/postcss-sign-functions,0.34631448526393543
@babel/plugin-transform-json-strings,0.3462181826893137
pnpm,0.34615220726770574
@babel/plugin-transform-dynamic-import,0.3461129532697328
zimmerframe,0.34611097611830505
@aws-sdk/middleware-bucket-endpoint,0.34599548439671984
@csstools/postcss-random-function,0.3457501383397766
@csstools/selector-resolve-nested,0.34549303300396367
workbox-webpack-plugin,0.3453412273451201
wsl-utils,0.34523337037715074
googleapis,0.3447612802552015
hookified,0.34472451005464066
ioredis,0.34451086120263674
@aws-crypto/crc32c,0.3443997371532846
events-universal,0.3442614847106535
pkijs,0.34421592969517995
@babel/plugin-transform-optional-catch-binding,0.3440692234429747
zod-validation-error,0.3440245626956671
@aws-sdk/client-dynamodb,0.34391883747198676
@smithy/eventstream-codec,0.3438971052209115
@babel/plugin-transform-export-namespace-from,0.3438061766338599
node-forge,0.3423442555658504
stripe,0.34211702552704437
@opentelemetry/semantic-conventions,0.3419616306303012
proc-log,0.3416556249137024
@smithy/credential-provider-imds,0.3411067543496703
@slack/logger,0.34061475374017575
@aws-sdk/client-iam,0.3392215788165803
@jest/diff-sequences,0.3389305801178459
keyv,0.33838241514767203
is-in-ssh,0.3378772994731523
@aws-sdk/util-user-agent-node,0.33770158114490223
@aws-sdk/nested-clients,0.3375750740592512
react-is,0.33747208401140477
@microsoft/microsoft-graph-client,0.33744893199946324
http-signature,0.3372714931610647
workbox-window,0.33713132635467785
jsonwebtoken,0.33701678773253124
pvutils,0.33694115050564893
@aws-sdk/client-sqs,0.33685016619651115
@tokenizer/inflate,0.33602710522518664
i18next,0.3358575698308996
@smithy/chunked-blob-reader-native,0.3357901431866524
@aws-sdk/client-ses,0.3357659515339456
@babel/helper-builder-react-jsx,0.335614590508137
bl,0.33553284536250044
elasticsearch,0.33529038971377717
caniuse-lite,0.33517816420276153
@aws-sdk/middleware-user-agent,0.33511746130673187
inquirer,0.3343419079768903
cacheable,0.3342283321942867
@typescript-eslint/eslint-plugin,0.3335754312248385
@typescript-eslint/typescript-estree,0.3333800708852774
paypal-rest-sdk,0.3332036003101677
jwks-rsa,0.33071703169122435
@aws-sdk/client-secrets-manager,0.3306701111399751
@smithy/abort-controller,0.33020155096106524
@aws-sdk/util-format-url,0.3301561744758107
@aws-sdk/client-ec2,0.3292653377377455
workbox-background-sync,0.328690373898415
react-dom,0.32853643590881165
puppeteer,0.3285158840109426
workbox-expiration,0.3283585857820797
react,0.3283569158326988
@aws-sdk/client-sns,0.32772314357574334
@azure/abort-controller,0.32764787325479877
@azure/logger,0.32732153511016854
scheduler,0.3270993049094875
@aws-sdk/client-cloudformation,0.3269711503413281
@smithy/hash-blob-browser,0.32537433736018556
puppeteer-core,0.32520996204760616
tailwindcss,0.32485523439264363
@aws-sdk/credential-provider-ini,0.32449357974896353
@asamuzakjp/dom-selector,0.32430201527224645
bare-events,0.3240199192542444
@aws-sdk/middleware-expect-continue,0.32376583154645283
cron,0.32358308483560533
vite,0.3228145273591022
workbox-routing,0.3224565551931606
react-router-dom,0.3223153113431445
@azure/core-client,0.32230729132719865
@typescript-eslint/utils,0.3218374877298806
workbox-google-analytics,0.32178772529080435
workbox-recipes,0.3216965356536227
@smithy/chunked-blob-reader,0.3215808311044472
react-router,0.32110934407204006
@aws-sdk/middleware-endpoint-discovery,0.3209126084035635
@smithy/querystring-parser,0.3204007557990906
@aws-sdk/client-cloudwatch,0.3199690388057109
@so-ric/colorspace,0.319828690645153
@aws-sdk/client-rds,0.3197801835267074
@smithy/eventstream-serde-universal,0.31965044267750414
@smithy/eventstream-serde-browser,0.3196187471473568
@smithy/service-error-classification,0.319488973638411
@smithy/eventstream-serde-node,0.3194343636395618
@jest/get-type,0.319016985106458
@csstools/postcss-light-dark-function,0.3188534404677683
@aws-sdk/client-cloudfront,0.3188371616738433
prettier,0.3188346577574939
@eslint/object-schema,0.31808898701206606
@csstools/postcss-content-alt-text,0.318069246565378
@aws-sdk/middleware-sdk-sqs,0.31774389908516953
@aws-sdk/middleware-ssec,0.3176700330153492
@csstools/postcss-color-mix-variadic-function-arguments,0.3172456841176563
@aws-sdk/middleware-location-constraint,0.3169506140381205
google-logging-utils,0.3166723968607702
@aws-sdk/client-kms,0.3162992357840703
@npmcli/agent,0.3162581403448626
@smithy/util-endpoints,0.31608084041162254
@csstools/postcss-alpha-function,0.31520765123608296
@aws-sdk/client-lambda,0.3150225283022497
workbox-strategies,0.3148758567730769
@csstools/postcss-color-function-display-p3-linear,0.3141148035171414
@typescript-eslint/visitor-keys,0.31407038851160735
@typescript-eslint/parser,0.31399051232977987
@keyv/bigmap,0.3133063309706575
@puppeteer/browsers,0.3130366188874251
@smithy/md5-js,0.31302215348737644
sshpk,0.312529512904608
@csstools/postcss-contrast-color-function,0.3124846768464346
@slack/types,0.31191945627841877
@slack/web-api,0.31191904330345765
@smithy/eventstream-serde-config-resolver,0.31179824473939366
@aws-sdk/credential-provider-sso,0.31172654125177673
@aws-sdk/middleware-sdk-ec2,0.31163100616028755
@aws-sdk/middleware-sdk-s3,0.311626051676863
jws,0.3111702360223359
@aws-sdk/region-config-resolver,0.3109301955145546
@peculiar/asn1-schema,0.3101750035873777
@typescript-eslint/scope-manager,0.3101066888950952
workbox-precaching,0.30997783671769363
@aws-sdk/core,0.30991696811282965
@typescript-eslint/types,0.3098680687679512
@inquirer/core,0.3096300466068388
terser-webpack-plugin,0.30904343114004296
express-validator,0.30851723704040174
@azure/core-auth,0.3084393052924696
@jest/pattern,0.30809735669756116
@smithy/hash-stream-node,0.30754599302833113
@cacheable/memory,0.3074679964505085
@aws-sdk/middleware-flexible-checksums,0.3069145079859274
@aws-sdk/credential-provider-web-identity,0.3066824190645569
@cacheable/utils,0.30663690633485274
@eslint/core,0.3065567965331311
@smithy/smithy-client,0.30654472006058747
mongodb,0.3061798715156895
whatwg-fetch,0.30601096503822073
svelte,0.3056126565663961
@eslint/plugin-kit,0.3053763529942984
@typescript-eslint/type-utils,0.3050271664890262
parse5-parser-stream,0.3048302554582015
@smithy/util-defaults-mode-node,0.304443877836556
workbox-streams,0.3042547976441822
url-extras,0.30416421640717084
@smithy/middleware-retry,0.30410718105905876
qified,0.30400213304517865
@aws-sdk/credential-provider-process,0.30374612880927815
@aws-sdk/token-providers,0.3035513648074477
@smithy/util-defaults-mode-browser,0.3032713252359907
workbox-navigation-preload,0.3031280176194735
@azure/core-paging,0.3028247021786262
workbox-range-requests,0.30281329123929723
workbox-cacheable-response,0.3027685392412908
@eslint/config-array,0.3016950605205085
workbox-broadcast-update,0.3013048740317454
css-minimizer-webpack-plugin,0.2999097774734878
@aws-sdk/credential-provider-env,0.29884736316329635
cssdb,0.29881694158794875
@smithy/middleware-endpoint,0.2987719428216274
@mongodb-js/saslprep,0.2986078484742196
@inquirer/prompts,0.29856090828936516
@azure/core-http-compat,0.29819632212419495
@aws-sdk/middleware-sdk-rds,0.2978100969988998
hashery,0.2965127303719325
@babel/plugin-bugfix-firefox-class-in-computed-class-key,0.2963363120329517
@jest/snapshot-utils,0.29611618567137105
@peculiar/x509,0.2959076629523457
typescript,0.2955632665798556
@babel/plugin-transform-duplicate-named-capturing-groups-regex,0.29544897901953093
webdriver-bidi-protocol,0.295329633479902
@babel/plugin-transform-regexp-modifiers,0.29483396194315037
jsprim,0.29320196561133416
@smithy/uuid,0.2925268005352542
devtools-protocol,0.2917448881560941
mongoose,0.289972691225073
verror,0.2897585882068289
@aws-sdk/client-s3-control,0.2887736664515599
@inquirer/type,0.28653364769366046
@azure/core-util,0.2860434362776603
@inquirer/confirm,0.28495609706848324
powershell-utils,0.28481253656807604
@inquirer/select,0.28424724448089805
baseline-browser-mapping,0.28414043718310117
asn1,0.2836944527469798
@inquirer/input,0.28318740611166887
@jest/environment-jsdom-abstract,0.2816082255864464
@dataform/core,0.28019721922572427
@inquirer/password,0.27971918544014573
@aws-sdk/client-cloudtrail,0.2794783151752334
@aws-sdk/signature-v4-multi-region,0.27785915925287713
@inquirer/editor,0.2777227814290768
bcrypt-pbkdf,0.27684663878076404
@firebase/app-types,0.27607500974352234
@firebase/auth-interop-types,0.2737614871464239
@inquirer/checkbox,0.2725863829081871
@aws-sdk/middleware-sdk-s3-control,0.27059273523986427
@jsonjoy.com/json-pack,0.27058329493308675
@firebase/database,0.27024491998743627
@peculiar/asn1-x509,0.26984465829974696
@aws-sdk/credential-provider-http,0.26967092757282635
@eslint/config-helpers,0.2688278731002487
@jsonjoy.com/base64,0.2684046077532936
@acemir/cssom,0.2683339775073138
@inquirer/rawlist,0.26816164173531126
@firebase/app-check-interop-types,0.2678290490496798
@inquirer/expand,0.2678236484182535
@aws-sdk/client-cloudsearch,0.2663679520266465
playwright-core,0.26523107234881066
@babel/helper-globals,0.2638742453675437
@azure/core-rest-pipeline,0.2627519597156746
@firebase/database-types,0.2626302377777787
@peculiar/asn1-pkcs9,0.26218832182881263
playwright,0.26218027123535415
@azure/core-xml,0.26187234828309575
@aws-sdk/client-cloudhsm,0.2616421943011394
@inquirer/external-editor,0.2613312077762829
@babel/plugin-bugfix-safari-class-field-initializer-scope,0.26090976827380363
@babel/plugin-transform-explicit-resource-management,0.25866862810717595
@csstools/css-syntax-patches-for-csstree,0.2578906902077593
extsprintf,0.2573601671465611
@peculiar/asn1-cms,0.2561524550603054
@firebase/database-compat,0.25584417505390655
@vitest/utils,0.2535672621051032
@peculiar/asn1-rsa,0.2530760722670319
@jsonjoy.com/util,0.252863244289128
@azure/core-lro,0.24987519808062408
@smithy/core,0.2495685938029531
@peculiar/asn1-csr,0.24928344667162233
@azure/storage-blob,0.24846508262999406
@azure/core-tracing,0.24790404207742878
@peculiar/asn1-ecc,0.24773380422564184
@peculiar/asn1-pfx,0.24740825178618378
@smithy/middleware-apply-body-checksum,0.24735002000992878
@firebase/util,0.245902564166047
@inquirer/search,0.24454219723694054
@inquirer/number,0.2433359498003142
@tailwindcss/oxide-linux-x64-musl,0.2403236746018975
@peculiar/asn1-pkcs8,0.23928488685923485
@inquirer/ansi,0.2385765892221941
@sveltejs/acorn-typescript,0.2377150501020117
@inquirer/figures,0.23734137545678002
@peculiar/asn1-x509-attr,0.23611994157321486
@firebase/component,0.22868313013322045
@firebase/logger,0.22856763109395895
@jsonjoy.com/json-pointer,0.21675910911234963
@typespec/ts-http-runtime,0.2159228560446113
@jsonjoy.com/buffers,0.21501294281076994
@jsonjoy.com/codegen,0.21449497304863008
@aws-sdk/credential-provider-login,0.21425589143183782
@aws/lambda-invoke-store,0.2119578524941595
@typescript-eslint/project-service,0.2115646413003205
esrap,0.20800479096907487
@smithy/middleware-compression,0.20657146525219994
@azure/storage-common,0.1969266924060789
@vitest/pretty-format,0.19197706411179302
@aws-sdk/dynamodb-codec,0.18788339526687603
@typescript-eslint/tsconfig-utils,0.18362193391834136
@csstools/postcss-position-area-property,0.16981819185948205
@csstools/postcss-system-ui-font-family,0.15299326776402555
